area_m2,bedrooms,bathrooms,floor,parking_spaces,neighborhood_score,condo_fee,age_years,distance_to_center_km
53,3,1,25,1,9.0,1659.25,25,20.74
193,1,1,2,0,5.23,1057.13,20,2.71
169,4,2,22,1,6.58,1788.6,4,7.17
124,1,3,15,1,6.14,1866.65,35,24.86
123,1,3,22,0,9.48,517.72,14,16.37
211,1,3,13,2,9.52,714.16,10,1.78
52,2,2,4,1,7.91,776.48,35,19.87
177,3,3,22,0,4.66,573.86,8,14.43
76,2,3,18,2,6.89,1015.44,30,24.0
54,1,1,13,0,5.47,626.41,21,19.27
142,1,3,11,1,9.31,1411.3,35,0.62
235,4,1,10,1,4.83,448.15,2,6.16
185,4,2,14,1,4.33,776.34,34,7.59
191,4,3,7,2,8.23,1547.77,10,19.81
182,1,2,8,2,6.72,1027.16,39,14.51
196,4,3,8,1,9.03,1071.85,15,21.05
140,3,1,0,2,4.45,1805.95,0,14.6
61,3,2,27,2,8.81,2169.8,21,9.5
207,1,3,7,2,4.22,1351.88,2,3.35
127,4,2,4,1,4.17,404.18,12,6.07
137,2,3,4,0,6.77,450.66,32,11.52
111,1,2,29,0,5.33,2138.58,25,15.66
72,1,3,14,1,7.56,1574.51,31,26.31
224,2,2,9,1,4.15,1717.31,39,7.09
195,1,3,12,0,4.21,1567.74,21,18.82
166,2,1,2,0,8.36,600.25,24,4.7
117,2,1,9,2,5.26,1124.31,2,20.13
203,4,1,7,2,7.94,1806.26,12,0.81
146,1,3,24,2,8.5,1939.41,32,18.54
125,3,1,1,0,4.36,712.8,2,4.99
127,4,1,12,0,8.62,1412.13,16,5.46
81,4,3,23,0,5.61,556.35,6,15.87
53,4,2,25,2,6.34,2118.64,38,10.82
148,1,1,15,1,4.52,741.8,25,13.46
217,4,1,6,2,9.03,1666.94,29,8.99
48,4,1,10,1,7.36,700.67,30,26.72
210,2,3,6,1,7.03,1451.31,10,8.49
204,2,2,19,1,9.81,1535.57,2,15.41
91,3,3,8,2,6.01,890.43,17,23.99
164,2,1,18,1,9.34,1846.73,8,18.76
68,2,2,19,1,8.32,1976.47,14,9.38
190,4,1,28,2,9.57,1917.39,14,15.69
178,4,2,11,1,9.45,895.06,35,2.78
107,2,2,28,2,9.95,1701.46,14,15.51
48,4,3,12,1,4.79,1341.01,6,12.36
233,2,2,20,2,8.78,1405.63,43,21.34
126,4,3,19,1,8.83,1180.98,2,23.82
218,3,2,24,1,7.87,1420.51,9,5.99
173,2,1,14,0,5.67,514.53,15,2.74
194,1,3,23,1,9.79,1047.25,2,11.24
190,3,2,10,0,5.23,596.46,40,15.19
74,2,1,14,1,7.0,796.21,15,10.86
109,1,3,14,2,7.13,499.24,35,17.79
130,1,3,21,1,4.97,664.37,6,14.41
137,4,1,18,1,8.34,1774.76,23,26.26
43,1,3,2,0,4.53,1322.18,5,11.76
147,4,3,24,2,8.16,296.1,10,2.77
66,4,3,22,1,9.09,1787.62,18,8.8
187,1,1,3,1,6.1,2023.46,38,17.16
175,3,2,28,0,8.26,1966.84,13,7.54
224,3,2,19,0,4.94,1854.88,33,7.9
187,2,2,2,0,9.08,2184.82,4,9.84
110,3,2,14,2,9.71,1393.48,11,21.02
233,2,2,25,2,4.92,2127.05,27,26.35
119,2,2,8,0,8.15,2100.25,21,10.14
101,2,3,27,0,7.03,860.82,22,5.88
220,4,2,12,2,7.19,1933.7,30,12.07
110,3,1,6,1,8.24,1795.32,3,10.18
50,2,1,10,0,6.93,1762.81,31,27.73
131,4,3,15,1,7.6,1997.75,38,13.26
198,4,3,20,0,5.39,999.17,34,19.18
73,4,2,27,0,6.27,1030.11,12,25.63
129,3,1,5,1,9.19,1498.1,15,17.8
61,2,3,28,2,4.66,1688.72,43,7.36
175,4,1,15,2,7.59,1965.49,35,17.2
132,2,2,3,0,5.11,1957.9,41,11.55
102,2,1,27,1,9.08,1656.61,41,12.11
81,2,1,10,2,7.47,2115.94,19,27.43
150,4,3,18,2,6.42,598.33,5,8.16
172,3,2,20,2,5.5,2103.16,10,13.4
227,2,1,0,0,6.62,375.17,13,4.9
124,2,2,6,0,9.75,1333.46,37,5.41
67,2,1,20,0,7.06,425.88,12,17.1
205,3,2,9,0,6.82,1357.6,16,21.15
164,2,2,0,0,8.48,1010.71,38,18.0
178,3,2,0,0,6.27,409.14,7,9.56
54,2,3,24,1,6.56,1513.83,29,2.14
99,2,1,4,1,6.02,1675.84,24,13.43
192,4,1,3,1,4.91,589.66,44,14.37
205,2,2,16,0,8.28,1604.15,22,21.69
124,1,3,3,0,9.24,599.14,23,18.11
199,2,2,19,2,9.43,517.92,38,24.46
207,3,1,16,1,9.28,537.36,44,22.03
114,1,3,19,0,6.71,1418.2,32,10.56
219,2,2,14,2,5.7,1768.64,31,17.89
94,1,1,23,2,7.83,1413.94,39,21.05
84,3,2,19,2,9.73,1828.24,44,26.81
174,3,1,12,0,8.36,1403.38,33,12.11
165,4,3,0,1,6.97,1804.78,13,18.33
63,2,1,8,2,8.13,2154.22,28,11.3
205,4,2,3,2,8.64,1012.37,10,20.79
75,1,2,0,0,9.52,542.39,22,25.58
200,4,1,8,2,8.58,514.02,20,25.78
36,3,2,6,1,6.6,1415.08,44,4.82
198,4,1,2,1,5.64,1316.85,24,6.11
196,4,2,9,1,7.0,609.26,43,21.26
194,3,3,15,2,5.97,1970.1,36,17.85
171,2,3,5,0,9.66,2115.66,38,25.39
131,3,1,8,1,7.05,743.77,7,9.13
179,4,1,0,2,6.83,653.42,34,23.82
91,4,2,1,1,6.09,667.15,11,19.3
195,4,3,4,0,7.84,1005.47,25,5.88
148,1,3,13,0,7.12,1913.79,21,3.98
129,3,1,19,1,4.77,1412.12,11,19.82
138,1,1,23,2,9.22,381.73,44,4.86
151,3,1,18,1,6.15,1172.31,39,22.34
42,4,1,18,2,6.6,426.15,25,15.82
63,1,2,28,1,5.23,1042.12,0,13.61
85,3,3,7,1,7.32,1036.86,8,8.08
58,4,1,23,0,8.21,1514.29,10,27.56
125,4,3,28,1,9.29,1321.44,43,20.36
172,2,2,17,0,4.31,1955.77,18,21.9
169,1,2,25,2,9.84,281.74,2,21.64
131,4,3,4,0,8.22,1759.3,26,16.56
210,4,1,26,2,5.71,294.18,42,26.34
150,3,3,16,0,5.23,843.37,25,16.56
51,4,1,6,1,5.78,1965.34,19,14.8
191,1,2,1,0,9.25,1596.31,7,8.03
152,3,3,21,0,5.75,585.39,39,8.25
165,1,2,12,2,6.78,1207.03,4,20.76
150,4,1,9,0,8.23,1657.71,42,9.71
148,3,2,11,1,9.23,2077.82,10,20.54
53,4,2,29,2,7.95,1486.93,6,26.7
149,3,1,12,1,8.52,298.12,15,12.58
197,1,3,2,0,5.04,1224.42,0,3.18
97,1,1,8,1,9.26,548.28,0,18.83
158,2,2,4,1,5.65,343.17,8,0.76
41,3,2,20,0,4.77,1417.1,31,22.14
106,1,1,24,0,9.86,1765.0,36,14.96
124,4,3,25,1,5.21,320.32,11,13.97
236,1,2,18,1,4.82,1778.0,29,16.16
78,2,1,23,0,7.76,1627.46,15,14.7
91,1,2,12,1,5.91,1716.37,19,9.4
118,2,2,18,1,4.8,727.22,15,8.24
238,2,2,3,0,7.61,1017.51,40,11.92
209,1,3,16,1,8.55,483.51,23,25.11
42,3,2,16,2,8.76,715.84,22,4.22
82,4,3,0,1,4.93,840.44,38,9.43
203,4,2,16,1,7.34,872.9,29,5.79
46,2,2,21,2,8.88,591.33,6,12.25
210,4,1,11,1,4.97,617.99,8,4.17
92,4,2,16,0,5.25,2007.87,15,21.42
223,4,1,8,1,4.01,1778.59,4,3.35
95,2,3,8,1,7.15,921.73,31,18.79
124,4,3,3,1,5.17,2097.9,22,7.86
170,3,3,9,0,8.35,715.9,1,13.49
60,1,3,24,0,9.77,1043.3,18,6.0
149,2,1,28,1,5.25,1836.37,37,20.58
138,3,1,19,2,7.89,1113.63,40,26.58
195,1,3,18,2,5.27,707.52,43,6.6
239,2,2,18,2,4.11,968.64,41,26.71
171,4,1,14,0,8.55,1226.41,27,9.45
118,1,1,12,1,6.6,1460.26,41,15.84
118,2,3,18,1,9.68,1040.93,43,19.79
120,1,2,23,1,7.21,1091.04,28,5.98
201,3,1,12,1,4.94,764.69,18,12.73
100,1,3,16,1,6.7,1293.93,43,2.37
69,4,1,14,0,5.22,677.94,18,19.67
103,1,2,8,2,9.27,1941.68,7,11.96
39,4,1,8,2,8.15,1707.37,4,25.02
56,4,2,2,0,6.05,1050.04,25,8.03
53,4,2,13,1,7.17,1707.09,1,25.9
193,4,3,21,1,8.02,263.64,5,4.38
183,1,2,20,2,8.7,921.75,11,17.19
177,4,1,29,2,4.48,1108.59,23,8.96
129,3,1,1,1,4.14,1166.11,21,5.5
181,4,1,22,2,4.69,1710.03,23,3.08
68,4,2,23,2,6.37,2127.47,22,18.53
219,3,1,13,2,6.8,990.99,44,6.91
137,2,2,8,0,4.82,933.67,9,16.25
227,1,3,10,2,6.47,1440.5,21,27.43
66,1,3,20,1,6.65,798.44,27,9.19
136,2,2,25,0,4.65,525.63,12,1.46
177,4,3,19,2,9.5,2125.0,8,4.43
136,3,3,15,2,7.59,1828.58,2,3.78
126,2,2,19,1,6.33,2119.07,14,13.24
69,1,3,2,1,7.04,674.77,11,20.98
113,3,1,18,1,5.89,284.73,8,8.65
83,3,3,1,0,9.13,1102.66,12,4.51
96,4,1,28,2,7.45,2070.54,31,18.12
175,3,3,26,0,6.97,519.73,37,8.78
164,3,3,15,1,9.47,478.51,23,16.32
159,4,2,11,0,9.03,384.46,2,26.18
109,2,1,21,2,8.88,1741.79,33,8.51
231,4,2,19,2,5.35,1782.56,6,14.59
52,2,2,21,1,4.92,1605.98,2,22.69
105,1,3,15,1,8.14,353.92,25,19.52
59,2,3,7,2,6.81,1660.41,19,21.17
104,1,2,2,2,8.1,1124.83,14,21.75
232,1,3,8,2,8.56,557.89,43,15.35
110,4,2,15,0,5.77,825.5,4,15.24
221,4,2,12,1,5.71,1227.24,2,20.27
136,1,3,15,2,6.94,892.82,26,19.69
178,4,3,8,0,5.64,2141.01,18,18.93
128,1,2,28,2,8.0,1175.75,36,11.01
89,2,2,11,0,8.48,975.69,1,23.28
191,3,3,25,2,6.83,1562.67,18,7.0
233,2,3,11,1,8.34,1518.56,6,4.78
89,3,2,13,2,7.06,254.76,1,9.99
194,4,1,18,2,8.28,1456.02,20,7.48
88,1,1,7,0,5.35,725.35,33,18.74
181,1,1,6,1,8.43,981.71,7,6.85
196,4,2,11,2,8.29,1627.38,37,18.55
127,3,2,24,0,5.6,1336.9,23,14.61
186,3,3,4,2,7.34,968.88,21,4.69
90,2,1,13,0,9.13,576.45,41,7.61
51,2,3,20,1,5.5,1235.69,14,14.85
54,3,2,21,1,8.42,872.76,9,20.66
126,3,1,13,2,9.72,2030.21,35,11.45
220,1,2,2,2,9.2,1291.98,4,6.9
61,3,1,0,1,6.41,1938.63,39,8.61
128,3,3,14,0,7.64,1010.85,37,3.12
179,1,3,24,1,9.95,1863.5,43,1.19
76,2,3,0,1,7.41,360.25,20,27.26
182,4,2,26,2,4.69,831.33,27,3.15
97,3,2,20,2,4.27,402.44,39,3.93
200,1,1,0,1,8.74,311.72,5,24.45
153,1,3,10,2,6.54,2041.78,13,18.75
147,3,1,6,0,5.48,1647.89,21,12.49
71,2,1,28,0,6.09,1468.96,28,18.35
129,4,1,16,0,8.54,1288.36,30,26.21
210,3,2,9,2,6.79,1360.63,41,3.23
39,4,1,8,0,9.21,1495.45,22,7.2
190,1,1,16,1,8.41,1861.83,7,24.16
136,2,2,0,2,9.84,1413.93,8,21.97
182,1,3,7,2,9.33,1709.73,36,27.84
170,3,2,4,2,5.53,797.91,20,9.13
123,1,3,18,0,7.95,2154.69,28,26.48
98,2,3,20,1,4.12,312.2,25,9.95
163,2,3,14,1,9.95,1003.82,36,20.17
63,1,2,4,2,5.57,1970.0,9,24.78
154,1,3,11,1,7.99,602.02,7,5.2
54,3,3,25,1,9.09,525.61,33,6.16
168,4,3,6,0,4.96,962.59,19,16.48
163,1,2,4,0,9.09,1084.98,36,23.71
52,2,1,3,1,4.07,2070.12,5,2.67
190,1,2,24,0,6.65,1880.43,12,23.9
120,4,3,3,1,6.83,1154.97,43,9.94
196,2,3,17,2,6.24,2147.3,37,11.67
43,4,2,29,1,7.52,1502.44,2,9.85
71,1,1,19,1,9.49,1953.63,36,25.57
136,1,2,12,0,5.96,729.81,2,4.1
73,3,3,6,1,7.48,1203.48,5,16.29
102,3,2,0,1,9.26,307.95,40,4.57
170,4,2,4,0,8.64,267.32,5,26.04
64,4,2,28,0,4.24,1625.63,13,22.44
173,4,1,4,2,9.66,480.67,6,6.93
56,3,1,0,2,4.28,1318.23,26,8.69
70,2,3,24,1,7.53,1607.21,2,10.99
155,2,1,12,2,7.45,312.86,12,11.65
197,1,3,10,0,8.72,1125.05,14,22.98
69,2,1,21,0,4.89,1584.1,29,16.02
96,2,2,15,2,5.08,1984.98,22,12.27
224,1,2,27,0,8.51,833.5,8,20.28
237,1,3,14,1,4.9,2149.72,20,13.09
154,3,3,21,0,6.82,1896.86,20,4.03
126,2,2,26,0,8.39,1518.74,15,3.46
106,4,2,13,1,7.91,1014.25,24,9.46
160,2,3,8,1,5.26,1636.67,14,17.08
156,4,2,29,2,5.82,1841.58,15,4.21
95,3,1,6,2,9.81,841.43,35,15.63
39,1,2,1,1,6.69,2186.02,11,7.91
66,1,1,17,1,4.27,2021.81,14,19.62
231,3,2,29,0,5.32,1196.73,6,1.28
120,3,2,2,0,6.05,1659.52,31,13.4
133,2,1,25,0,10.0,1271.82,31,1.94
130,3,1,24,2,5.82,1733.81,30,9.59
195,4,3,27,0,4.16,1862.62,7,0.93
48,2,2,12,1,7.08,295.28,20,13.4
51,1,1,7,2,4.5,404.31,13,21.59
91,2,3,15,2,5.64,906.11,34,3.26
134,4,3,4,1,9.95,2039.35,15,20.72
172,4,3,25,0,8.23,1026.63,18,16.57
135,4,3,19,1,4.3,1980.65,20,14.38
125,4,3,14,1,6.69,1151.75,34,16.99
227,1,2,15,0,5.03,813.26,31,9.74
68,2,1,21,2,4.74,2006.26,36,20.03
152,1,3,15,2,7.52,1343.31,19,21.94
146,1,1,25,0,7.03,952.94,36,21.9
132,4,1,27,0,8.46,336.59,39,7.91
200,4,3,28,0,9.35,466.32,23,18.48
89,1,3,18,2,5.48,521.66,30,4.57
230,3,2,22,0,9.54,961.43,40,14.12
102,3,3,9,2,7.11,1434.3,37,0.57
146,1,3,1,2,5.55,849.8,12,5.82
141,4,3,12,1,9.07,377.78,32,17.87
209,4,1,26,1,4.21,766.38,20,24.54
124,3,2,4,2,7.36,1046.93,6,1.85
93,3,1,16,2,8.33,2184.93,16,15.86
39,2,3,5,0,5.68,1016.32,44,18.01
109,4,1,12,0,9.18,423.93,43,26.14
204,2,3,4,1,5.44,1383.17,35,18.52
37,4,1,22,0,9.04,2043.3,44,3.33
218,1,2,24,0,4.47,1784.06,25,4.54
146,1,1,22,2,4.96,1880.63,34,17.98
63,4,3,21,1,6.29,2060.05,7,6.43
96,2,2,7,1,9.12,1491.26,13,26.03
148,2,3,15,0,4.87,2190.1,7,25.82
99,4,1,3,0,9.25,314.9,42,26.59
57,1,2,11,0,5.38,1877.94,27,8.56
171,3,3,15,1,6.72,1921.17,41,20.22
172,2,3,20,0,6.12,2037.57,18,18.73
59,1,1,2,1,4.71,1182.43,18,1.48
92,4,2,24,0,9.67,1786.12,30,7.8
84,1,2,13,1,6.63,630.41,25,6.19
170,1,2,26,1,8.14,1426.1,16,10.7
184,3,2,15,0,7.45,949.36,14,26.71
184,4,1,16,1,7.01,1412.54,23,23.75
227,1,3,20,0,7.7,1567.34,3,8.57
192,3,1,24,0,9.39,926.78,8,15.08
100,3,1,4,2,8.2,671.66,1,5.79
57,4,3,15,2,7.19,877.29,6,8.13
161,1,3,0,1,7.87,1544.72,8,2.29
222,4,2,14,2,7.64,1569.9,3,18.17
234,3,3,24,1,6.6,1695.57,2,18.57
82,4,2,25,0,7.75,496.75,36,23.56
83,2,2,8,2,6.66,1846.11,8,24.47
42,4,1,11,1,8.55,1591.89,24,4.9
63,3,1,16,1,9.81,309.48,4,20.93
148,1,2,11,1,9.76,904.42,42,4.2
147,4,2,5,0,8.92,1160.09,10,10.78
111,4,3,9,2,7.61,953.2,33,14.68
98,2,2,12,1,8.5,478.96,28,1.86
205,3,3,15,1,5.07,654.33,34,4.81
129,2,2,27,0,6.87,297.89,28,7.96
200,3,1,16,2,5.54,431.5,22,4.01
232,4,3,11,0,4.02,769.29,34,26.19
100,4,2,19,0,9.8,1848.94,36,8.43
76,1,2,23,2,9.18,1276.94,17,14.28
230,4,2,12,0,7.08,1077.77,42,27.9
165,2,1,14,1,5.52,1541.22,44,16.08
94,3,2,6,2,8.16,1305.95,32,11.82
162,4,2,25,2,6.61,506.45,41,26.07
140,2,2,26,1,8.82,684.12,4,6.62
220,2,1,5,2,10.0,683.92,24,5.44
87,2,2,10,2,6.09,1419.91,29,15.22
238,4,2,8,2,5.47,1150.17,41,12.25
226,2,2,27,0,5.6,1005.79,5,22.42
72,2,1,1,2,4.56,1335.45,36,1.66
68,2,2,6,0,6.36,2141.73,3,17.49
144,1,1,9,2,4.1,862.68,16,20.04
44,2,2,16,0,4.69,1264.38,31,27.23
96,1,1,7,0,5.63,1186.72,13,4.51
124,1,2,16,0,4.96,1647.45,37,7.27
233,3,3,22,1,8.39,1674.07,41,26.14
238,1,3,24,0,4.63,1671.69,7,17.84
66,3,3,2,0,9.2,642.96,11,1.55
217,4,3,4,1,5.33,1125.73,3,2.63
53,3,1,2,2,4.65,1831.79,31,22.1
188,2,2,27,1,4.06,993.98,39,16.11
208,1,2,19,1,8.29,2169.3,27,16.05
217,4,3,15,1,5.54,961.33,5,24.7
80,4,2,23,1,7.06,1220.45,7,7.13
218,3,3,17,1,4.67,1175.32,1,4.91
58,1,1,7,1,9.91,1095.64,22,17.38
141,1,1,15,0,4.75,1898.98,32,24.77
131,2,1,21,0,6.47,552.79,6,7.79
99,1,2,1,2,9.11,1356.95,38,19.24
39,4,2,18,1,5.47,1456.27,11,4.69
193,1,1,14,0,5.6,1909.88,23,5.23
103,2,3,2,0,8.85,1437.94,30,25.29
170,4,3,7,2,5.64,2122.04,24,3.74
119,4,2,13,0,4.02,1950.73,21,1.17
111,1,1,10,0,6.57,930.04,15,21.81
216,2,3,8,2,4.08,1926.82,19,10.47
54,3,3,19,1,9.46,2119.03,10,11.41
186,3,1,12,1,7.85,751.53,13,22.5
188,4,1,14,2,7.5,1439.91,33,5.45
112,4,2,23,0,5.21,799.52,39,18.38
88,4,2,2,1,8.2,1516.66,38,9.12
36,1,1,10,2,8.06,432.6,14,3.37
227,1,3,2,1,4.36,1681.67,14,19.41
229,3,2,27,0,9.29,1068.65,2,9.26
84,1,2,5,2,7.48,1395.25,12,24.33
41,2,1,24,2,8.75,300.43,26,25.77
60,1,3,5,0,5.58,1606.11,12,23.85
48,4,1,9,0,4.73,1217.18,33,9.36
205,1,3,18,2,8.21,1469.24,2,7.01
217,1,2,24,0,8.76,865.55,18,25.05
66,1,3,5,2,6.32,534.35,12,12.96
188,1,1,6,0,4.14,1099.09,22,19.96
71,3,1,26,2,8.91,2090.76,1,23.25
110,2,3,9,2,5.24,694.2,18,8.14
157,4,3,6,1,6.03,1567.89,35,3.78
182,2,2,22,0,7.77,347.19,38,17.68
214,3,1,2,1,4.6,1650.29,11,16.73
44,3,3,26,2,4.43,714.95,19,7.93
75,3,2,26,2,4.15,1130.46,31,16.58
92,4,3,25,0,9.5,967.12,20,22.23
98,1,3,8,1,5.87,470.04,24,10.13
239,3,3,3,2,7.96,923.88,15,7.16
194,4,3,12,0,9.94,932.74,37,20.44
100,4,3,10,2,8.02,1268.11,28,22.11
234,3,2,28,0,7.15,2146.09,43,26.74
137,3,1,18,2,7.13,1166.53,35,4.56
137,4,2,28,0,6.26,2033.13,16,24.95
123,3,3,22,0,7.6,1150.04,14,21.54
64,4,3,21,1,9.75,459.71,3,19.8
226,1,2,3,1,8.73,698.8,28,9.11
37,2,3,2,0,6.55,1044.66,33,1.11
70,1,1,1,1,5.99,884.47,15,14.46
82,1,2,17,0,9.3,1938.37,0,8.36
92,2,2,6,2,4.81,1573.36,37,8.47
62,1,3,29,0,9.1,1377.7,10,26.0
38,2,1,3,1,5.53,1207.9,26,4.71
173,2,1,28,2,8.29,1024.68,2,26.19
233,3,2,20,0,8.84,1443.78,2,14.35
59,4,1,3,0,6.86,492.98,40,23.55
95,4,2,1,2,5.15,566.94,30,8.3
138,2,2,11,0,9.07,841.08,0,17.93
225,2,3,10,2,6.21,583.81,4,15.81
177,4,3,9,1,5.92,1570.34,22,25.91
192,1,1,15,2,7.06,298.3,30,5.43
154,3,1,3,0,6.61,562.35,19,6.13
120,2,1,3,0,8.1,2010.09,39,26.6
75,1,1,20,2,4.82,2195.21,29,3.19
212,3,3,29,2,6.61,1200.8,27,17.95
199,2,1,8,2,9.35,1215.97,13,2.17
40,1,1,27,0,4.22,1758.13,30,2.62
181,3,3,10,1,6.74,320.57,39,16.92
52,1,3,10,1,7.96,1082.69,2,15.66
186,3,1,2,1,9.33,444.66,33,16.26
204,1,1,12,0,7.56,1031.81,39,13.53
61,2,2,14,1,8.95,2168.45,19,20.91
123,4,2,19,1,5.34,1719.58,34,27.79
60,1,3,4,0,6.12,2170.84,16,8.08
151,4,2,5,1,9.65,1704.79,8,9.39
225,3,1,12,0,9.32,1435.81,36,9.38
51,4,2,2,0,7.35,1720.73,14,21.49
116,1,2,4,0,6.85,1535.23,34,10.07
234,3,2,18,1,6.71,1154.93,14,19.11
96,4,2,28,0,4.35,820.47,17,12.76
62,4,3,17,1,9.35,1264.35,30,17.21
135,1,3,4,1,8.91,754.06,15,23.3
139,4,1,29,2,6.74,1199.02,36,14.64
170,1,2,15,0,5.68,534.96,1,13.57
99,3,3,21,1,6.06,1352.52,0,7.84
230,2,2,5,0,4.74,728.3,3,14.69
141,3,2,17,1,8.33,822.54,11,7.72
93,3,1,2,1,7.34,1223.1,2,23.7
231,1,1,18,2,5.4,566.93,17,11.19
224,3,3,6,1,7.74,2126.64,1,4.05
137,4,3,27,2,9.88,1121.54,34,7.1
40,2,3,1,0,4.73,936.94,6,15.2
157,2,1,19,0,6.75,306.93,43,25.7
148,4,1,4,0,6.96,1894.35,38,8.77
65,1,1,20,1,5.0,1470.38,31,7.77
164,2,2,14,0,7.19,1061.99,35,11.68
207,3,2,29,0,7.64,728.79,34,27.11
56,2,3,19,0,4.94,1703.02,38,23.74
183,4,3,11,2,4.93,2093.68,24,4.62
63,2,1,2,2,9.14,992.58,28,17.38
188,4,3,17,0,5.87,513.01,21,22.28
120,1,1,13,2,7.78,462.93,28,21.62
36,3,1,1,0,7.76,262.41,17,13.94
233,3,2,17,1,9.04,1700.71,5,20.63
69,1,1,6,0,8.44,2163.72,41,16.55
157,1,2,7,1,9.04,2185.99,31,6.04
72,3,2,0,2,7.75,1779.18,31,2.04
226,3,1,11,2,6.7,566.26,12,10.66
186,3,2,6,1,6.36,2156.53,34,2.2
199,1,2,2,1,6.27,889.24,23,11.36
123,3,3,13,2,6.51,900.56,3,23.29
130,4,1,6,0,4.78,1590.31,42,23.72
165,1,1,4,1,6.54,345.65,44,1.44
195,2,2,14,0,6.34,1860.25,39,2.41
208,2,1,1,2,4.21,2194.73,21,18.92
38,4,3,29,1,5.65,1761.39,10,14.25
171,2,1,14,1,8.51,1774.27,0,4.61
57,2,2,29,1,7.47,1011.11,33,22.65
94,3,3,26,0,8.84,378.55,40,6.45
205,1,1,29,0,7.26,1795.7,4,2.65
86,4,1,16,2,9.12,1414.46,30,21.11
198,4,3,12,0,8.78,2023.21,1,17.22
129,3,2,21,0,4.59,476.13,34,11.35
82,3,1,2,0,9.86,844.99,1,19.55
103,3,1,25,2,4.09,953.28,43,25.56
143,4,3,9,0,7.58,1582.4,7,1.44
191,4,3,0,2,8.76,1786.1,18,17.76
159,2,2,7,1,5.99,2123.99,31,6.5
226,2,2,7,2,7.59,826.04,38,13.54
212,3,3,0,1,6.17,1212.59,16,12.16
189,1,1,20,0,4.36,306.47,44,11.22
158,4,1,2,1,4.05,743.33,0,5.73
94,4,3,25,1,4.57,979.31,21,22.57
119,3,1,13,0,4.59,1407.92,44,10.94
59,2,3,21,1,7.67,1168.15,12,24.9
111,2,2,10,0,7.16,960.73,24,10.25
224,2,3,3,2,6.73,1466.95,20,23.59
122,3,1,5,2,8.15,1865.8,17,15.47
58,4,3,19,0,4.1,721.28,34,11.1
168,3,1,21,1,5.63,918.61,23,19.86
232,4,1,8,1,8.66,1624.6,32,22.13
212,4,3,10,0,9.46,1766.98,23,13.77
91,3,2,28,1,6.63,1859.52,44,12.2
128,2,3,25,0,4.49,658.2,21,16.38
143,3,1,12,0,8.79,1301.57,35,16.59
85,2,1,7,2,9.31,2005.02,27,12.2
90,3,2,9,1,6.48,1014.3,36,21.34
83,4,3,16,2,5.46,1088.27,39,11.49
238,2,2,17,1,4.26,2170.4,10,12.96
187,3,3,5,2,7.55,470.45,13,17.15
207,1,3,1,2,9.46,1625.92,13,27.64
202,3,3,14,1,8.07,1907.86,21,7.67
231,2,2,23,1,5.9,544.05,22,6.88
56,2,3,4,1,7.86,1643.18,0,5.36
215,3,2,12,2,8.99,1165.99,40,19.46
48,1,3,4,1,6.85,1913.14,38,12.85
132,3,2,7,1,8.92,2019.53,27,11.19
156,3,2,18,0,6.35,1951.35,13,6.11
108,2,2,8,2,6.09,375.55,37,25.01
64,1,2,7,1,7.5,1725.87,12,12.69
74,2,3,29,0,6.79,2046.98,13,17.21
204,1,3,5,1,9.86,1461.63,44,3.59
100,2,2,5,1,7.1,1421.71,41,3.47
98,3,1,27,0,6.31,337.76,26,2.35
224,1,2,16,2,6.37,1919.26,7,10.6
64,3,1,1,2,7.29,340.49,5,13.5
222,1,1,12,2,6.13,861.34,43,7.23
223,4,1,16,1,8.34,2055.43,11,10.12
157,3,2,7,0,6.28,2102.0,30,0.67
68,2,3,16,0,6.3,2184.21,15,10.15
66,3,2,19,2,7.7,1178.98,22,3.78
93,1,2,7,0,4.37,595.99,44,4.03
153,1,1,24,2,7.93,1201.49,26,0.62
66,4,3,13,2,7.03,449.51,19,19.65
128,4,1,28,0,6.72,1951.45,18,26.11
58,1,3,2,2,8.32,1343.05,10,17.59
145,2,3,9,0,8.55,1038.79,25,3.15
39,1,3,21,1,9.08,405.08,25,27.72
180,2,1,26,1,6.25,1040.22,4,27.33
46,2,1,6,2,5.96,1939.07,18,13.38
74,2,1,29,1,8.29,1621.64,29,3.47
70,3,3,5,2,7.49,410.79,2,20.32
205,1,1,12,1,7.79,561.82,43,26.94
45,4,3,9,2,7.33,1015.0,38,21.91
122,3,1,12,2,8.64,447.68,28,17.67
156,4,1,27,2,5.14,2071.38,0,17.3
140,1,1,21,1,7.33,1521.97,23,27.39
174,3,3,23,1,4.95,434.9,40,2.51
199,4,2,7,2,6.44,1786.71,1,4.61
115,1,2,28,2,7.98,968.39,35,23.35
204,4,2,13,2,6.96,727.5,37,4.49
100,2,2,19,1,6.28,1361.47,3,11.04
236,4,2,20,2,9.31,276.08,10,8.24
138,2,2,19,2,8.64,1157.53,32,7.19
185,4,1,18,2,7.16,1895.42,41,1.21
214,1,1,14,0,9.7,2059.71,34,16.07
197,2,2,19,1,6.55,917.98,23,11.53
209,2,1,27,2,8.73,1502.75,27,15.67
144,1,2,11,2,5.01,692.31,23,8.87
43,2,1,15,2,5.71,1342.42,25,26.39
136,2,3,5,0,6.03,745.35,34,16.76
72,1,1,10,0,4.63,1364.15,2,26.93
217,3,1,23,2,7.01,584.86,9,10.13
83,3,2,19,2,5.15,2085.4,2,0.56
81,4,1,6,0,7.81,1979.49,35,21.98
86,3,2,16,1,5.14,906.99,32,23.25
166,1,1,24,2,4.74,1764.49,2,2.11
152,1,1,3,0,9.81,436.23,4,17.7
229,2,3,1,2,7.95,1693.7,11,18.68
120,2,3,11,0,9.62,800.8,10,4.51
92,1,1,19,0,6.94,514.5,23,15.69
45,4,3,9,2,4.2,1572.47,22,7.19
36,3,3,24,1,7.45,1166.12,16,0.95
111,3,2,25,1,7.35,1283.77,7,24.34
224,1,2,15,2,4.09,1265.03,29,14.02
142,4,3,11,0,9.17,365.92,35,22.0
218,1,2,1,1,7.72,350.19,28,20.38
55,2,2,24,1,8.47,1422.28,36,27.83
54,2,2,26,2,6.96,1466.54,41,12.54
205,4,3,13,0,7.71,341.99,37,12.26
56,2,3,15,1,5.54,987.96,29,8.25
45,1,1,22,1,9.84,1445.06,2,17.69
117,2,2,20,1,6.4,1530.53,15,13.87
224,2,3,4,2,4.97,1865.14,19,20.54
176,1,1,20,1,4.34,1070.43,32,10.3
55,1,3,27,2,7.82,1319.1,38,4.1
206,1,3,22,2,9.9,1378.19,28,24.22
207,2,3,14,2,9.37,858.49,16,23.27
199,2,1,15,2,8.21,354.96,35,10.15
220,2,2,7,1,9.94,258.24,31,19.48
84,3,2,19,0,8.34,1880.44,35,14.04
235,1,2,7,2,6.04,640.45,26,21.43
100,4,3,10,1,7.61,1479.0,29,11.23
199,4,2,7,0,4.48,1375.24,15,15.23
153,1,2,10,0,5.33,1029.28,17,2.09
194,2,3,11,0,6.51,1875.31,12,5.31
163,1,3,2,2,5.21,1611.88,11,22.0
166,2,3,21,0,9.72,294.35,29,10.99
161,2,2,13,2,9.97,1764.55,17,1.47
194,1,3,28,1,6.23,1238.65,6,5.11
186,1,1,5,0,8.26,926.69,1,11.82
62,2,2,20,1,6.45,1667.43,38,20.24
204,3,2,5,2,4.84,1587.83,19,10.5
144,2,1,16,2,6.02,855.65,25,20.99
101,4,2,14,1,5.4,2166.93,40,24.1
140,2,2,13,1,5.97,1514.98,5,9.88
233,4,2,19,0,5.29,1431.27,42,22.51
210,1,1,24,0,4.67,386.27,31,3.99
205,3,1,9,1,5.3,794.67,28,11.92
129,4,1,25,1,9.43,1121.6,19,3.18
195,1,2,5,0,4.51,1479.72,31,1.94
113,4,1,8,2,5.95,1249.89,9,2.27
175,2,2,9,1,7.17,1737.91,13,3.38
166,2,3,28,0,6.13,762.01,43,23.48
86,3,3,3,2,7.11,1619.21,12,15.45
89,3,1,11,0,4.26,1842.36,32,26.55
47,1,3,12,2,7.89,1741.85,41,15.3
63,4,1,24,0,7.38,1753.15,26,17.79
123,3,1,14,1,8.09,1982.59,13,5.57
132,4,1,29,1,7.4,414.15,38,15.37
68,2,1,22,2,6.63,1609.52,37,11.1
120,3,3,21,0,6.1,2138.92,24,26.11
158,2,1,22,2,5.36,1368.62,5,26.18
82,4,3,4,1,7.0,673.77,19,5.96
104,4,2,13,0,4.16,2197.57,19,17.55
110,4,1,17,1,5.97,590.62,8,18.05
138,3,2,6,2,8.07,904.34,18,15.97
110,4,1,3,1,4.65,585.52,6,3.92
186,2,2,4,0,4.38,1155.8,31,18.49
102,2,2,23,1,7.91,1066.81,19,22.47
123,4,2,19,1,6.39,1207.92,32,9.99
112,1,1,8,0,8.81,2059.57,20,14.65
72,3,3,22,0,9.62,1182.73,32,3.7
175,1,2,20,2,9.74,1253.52,32,26.09
83,3,1,24,0,6.55,1979.03,7,3.51
95,2,2,27,1,5.59,1844.63,19,6.23
197,2,1,26,2,7.65,717.46,33,8.71
229,2,3,5,0,7.77,275.21,26,23.21
172,2,3,23,1,7.73,1477.52,9,19.77
222,2,1,11,0,5.93,1897.46,37,0.69
210,2,3,12,2,4.38,1328.06,8,5.55
133,3,3,19,1,5.26,661.79,44,21.13
192,4,2,18,2,4.93,1695.64,31,11.61
102,3,1,12,2,4.74,1555.6,14,1.22
129,3,3,29,1,9.56,1351.81,8,27.01
144,4,3,5,0,4.08,1933.51,40,4.66
231,4,3,2,1,7.61,1779.27,23,14.54
208,1,3,0,0,9.68,1552.51,36,7.33
135,3,3,24,1,6.16,1546.28,37,20.78
168,1,3,12,0,7.16,1541.3,3,21.86
76,1,1,13,2,8.17,1274.07,30,11.42
199,4,2,19,1,5.9,1154.65,15,18.61
148,1,1,13,0,6.87,1633.72,40,25.5
144,4,1,17,2,8.9,1440.46,9,22.91
192,4,3,1,2,8.47,1205.46,1,11.91
164,4,3,4,1,8.85,496.99,29,12.64
49,3,2,27,0,9.92,1618.76,24,24.89
94,4,3,13,1,6.22,1509.7,24,1.45
71,1,1,5,1,8.48,917.38,11,1.13
185,4,1,11,2,7.62,944.83,22,6.16
42,1,3,10,0,8.0,731.11,43,23.26
76,2,2,8,2,8.44,2125.73,34,4.71
157,1,2,8,0,8.5,1927.39,44,8.35
177,2,2,21,0,9.31,1344.05,14,17.8
138,3,1,3,1,6.1,1033.22,39,5.57
211,2,3,9,0,7.92,1686.81,17,8.84
223,4,3,14,1,5.68,1279.07,42,13.34
62,3,3,16,1,7.57,2152.91,38,6.77
230,3,2,26,0,8.51,357.49,7,27.79
160,4,2,27,2,8.75,316.86,43,4.99
165,2,3,8,0,6.52,1358.79,27,23.87
54,2,2,16,2,7.05,646.39,34,13.43
162,4,2,0,2,6.0,1428.39,26,4.05
183,3,1,18,1,5.01,1773.77,9,3.76
154,3,2,4,0,5.56,519.31,44,14.26
52,2,2,2,2,9.47,1109.19,5,10.22
142,1,2,20,0,5.85,1592.9,36,6.95
226,1,1,5,0,9.85,1876.03,9,26.87
183,1,1,14,2,5.45,1217.87,35,13.24
63,1,3,3,1,8.34,652.0,19,26.04
231,3,2,22,2,7.44,1392.31,10,5.01
231,1,2,22,0,8.18,1136.31,10,5.55
69,3,2,17,1,7.86,1755.25,14,16.89
199,4,2,25,2,8.24,1333.37,40,7.92
118,4,3,13,2,9.43,794.87,34,5.59
156,2,1,5,1,7.38,1721.07,30,3.1
126,1,3,4,2,4.41,1259.61,28,2.6
195,4,1,6,0,5.62,596.22,18,21.21
239,1,2,6,1,8.25,1347.99,40,8.26
197,3,2,9,0,6.96,2099.22,12,27.41
225,3,3,6,2,7.29,1625.76,42,5.54
228,1,1,17,2,7.58,832.67,17,10.25
53,3,2,4,2,6.3,1636.2,15,10.81
86,1,1,18,2,8.64,801.08,21,14.25
182,1,1,10,0,8.34,1308.24,33,24.44
155,4,3,20,1,8.29,1276.86,32,23.46
45,4,3,15,2,8.29,732.41,34,0.77
54,2,2,27,0,9.34,928.37,4,11.75
141,4,2,13,1,7.57,2087.25,7,23.27
161,4,2,8,2,9.8,738.67,38,0.51
69,4,1,17,1,4.72,1812.0,44,15.18
70,1,2,19,2,7.79,1551.37,5,7.64
61,2,1,13,1,8.3,1288.63,40,11.85
150,3,3,16,1,6.86,518.15,11,12.06
36,4,2,14,1,5.73,648.91,44,11.27
152,4,1,9,1,7.3,599.01,44,25.03
132,2,2,9,2,6.19,1394.25,28,15.25
130,1,3,27,2,9.45,2148.1,8,25.35
174,4,1,20,0,6.14,1960.62,35,20.49
142,2,3,2,2,5.05,299.24,4,10.16
184,2,2,28,1,7.46,783.77,15,14.07
191,4,2,21,1,6.38,556.65,28,11.22
223,3,3,1,0,4.58,2152.57,3,23.29
198,2,2,21,1,7.39,709.44,17,5.66
141,1,1,17,1,7.23,642.56,35,26.25
135,2,3,27,1,5.04,1460.71,4,16.46
83,4,1,14,0,7.59,1334.56,16,17.32
157,2,2,15,2,7.4,690.41,0,14.71
63,3,3,9,1,8.64,1557.21,29,15.75
225,2,2,9,1,6.17,439.16,3,18.86
208,4,3,18,0,5.49,287.77,12,18.51
59,4,2,24,0,9.71,410.71,23,6.39
196,3,1,26,2,7.37,961.49,9,16.52
59,4,1,23,0,4.16,2151.28,10,10.25
182,3,2,18,2,8.92,1317.13,37,18.02
52,2,1,15,2,5.18,1721.72,34,15.57
135,3,2,10,1,8.72,876.92,3,5.44
169,4,2,23,2,8.23,1652.71,38,20.71
184,4,3,9,1,9.81,2134.05,21,13.07
120,1,1,8,2,9.79,947.63,6,15.66
223,3,3,26,0,5.65,2198.17,40,19.0
193,1,2,17,1,8.6,1494.9,15,18.45
77,3,2,10,1,5.9,1709.75,14,21.1
172,3,2,25,2,7.78,741.73,6,6.19
184,2,1,28,0,7.59,1504.03,39,3.54
103,4,3,9,2,4.33,1246.46,12,18.9
186,4,1,15,0,4.03,2114.99,26,6.99
219,1,1,14,0,4.35,2014.12,10,3.65
202,1,3,21,1,4.77,1023.51,40,4.11
191,1,2,28,0,5.55,2096.4,35,9.1
165,4,3,16,1,9.44,1975.38,22,27.77
90,3,2,23,2,7.11,1401.25,15,4.82
198,3,1,17,2,8.78,410.13,29,8.71
109,4,1,26,0,9.03,563.54,22,25.82
144,4,2,12,1,8.41,399.9,42,26.99
99,1,1,11,1,6.35,460.59,30,6.79
99,1,3,12,0,9.18,2155.06,1,24.71
67,2,1,29,1,8.45,663.73,37,4.32
232,2,3,18,1,8.46,1597.17,8,21.44
65,3,1,4,2,9.41,1491.23,13,0.86
52,1,1,1,0,7.59,1480.73,19,11.68
226,2,1,15,0,7.17,653.07,9,7.3
148,1,1,24,2,9.34,1379.73,42,19.86
124,1,2,14,2,6.73,1469.8,44,0.94
186,1,1,16,0,8.87,1362.29,7,13.28
113,1,2,23,0,4.32,613.02,14,19.66
61,3,2,15,1,4.01,1659.97,16,1.78
184,2,1,27,2,7.17,392.82,30,25.18
71,2,1,19,0,4.44,1402.84,26,10.43
148,2,1,21,0,9.86,1100.71,30,5.04
229,3,1,23,2,4.03,738.06,1,6.7
226,4,1,18,2,8.31,1824.41,23,9.82
108,3,1,1,2,5.46,592.99,9,5.96
194,3,2,12,2,9.81,2069.31,10,14.54
160,3,1,4,2,6.29,1974.9,34,17.91
133,3,1,15,0,4.16,953.15,6,12.42
63,1,2,4,0,4.16,845.05,1,12.24
112,4,2,15,0,7.32,518.1,21,22.0
168,1,1,10,0,9.92,2036.84,33,8.78
237,2,1,0,2,9.88,1473.69,22,17.63
36,3,2,3,1,6.02,311.98,7,25.06
182,2,1,15,0,6.9,1246.45,34,6.59
208,1,2,2,0,4.6,417.31,17,17.55
229,4,3,25,0,7.13,1368.81,31,26.57
121,1,2,22,1,7.6,1242.48,9,15.07
59,1,1,21,1,5.51,411.55,41,27.36
90,4,3,5,0,7.67,1840.93,12,9.03
209,3,1,23,2,9.4,761.52,43,16.02
214,1,1,19,0,4.01,1305.89,16,9.05
165,4,1,11,1,5.37,1496.13,32,0.6
60,4,3,0,1,5.26,2126.49,22,27.93
59,1,3,15,1,4.74,1212.93,3,7.1
133,2,2,23,2,5.0,2038.77,4,27.26
155,2,2,1,2,7.76,941.97,18,18.46
41,1,2,1,0,4.62,1922.0,8,25.36
175,1,2,11,1,8.43,709.86,27,27.1
146,1,2,15,0,9.32,1629.59,6,16.12
37,1,3,14,1,9.56,422.79,26,27.99
54,2,3,12,1,7.96,2172.8,9,21.6
128,2,1,7,1,5.18,2110.18,8,14.9
183,1,2,1,0,4.51,1112.32,16,18.51
204,2,3,0,0,5.39,1271.67,26,5.84
123,1,2,2,0,9.77,1415.66,17,0.8
95,4,1,20,0,9.77,786.32,15,7.56
233,1,3,23,1,6.29,1565.22,15,12.46
129,4,2,13,2,5.95,1612.2,15,6.77
99,3,2,2,0,7.06,1273.9,18,14.64
125,4,2,12,0,5.75,538.09,37,18.59
37,3,1,29,1,9.88,2042.41,26,18.53
96,2,2,7,2,5.33,474.34,18,25.08
140,3,2,14,0,6.21,1476.89,33,27.07
223,2,3,16,0,6.58,451.02,23,24.99
186,1,1,9,1,4.75,534.9,42,17.55
195,2,1,13,1,6.3,290.05,25,6.16
146,2,2,14,2,9.14,958.56,9,26.44
57,1,3,14,0,4.84,1497.19,25,5.31
115,1,2,21,0,7.5,1267.01,34,4.66
239,4,2,17,1,6.44,1565.35,9,9.23
44,3,3,1,1,5.02,1566.29,9,16.27
215,2,2,0,2,4.07,523.34,26,19.24
175,4,1,12,1,5.64,361.81,39,0.87
93,1,3,27,1,4.37,1469.45,15,21.9
194,2,2,1,0,6.26,1523.79,22,5.31
206,4,1,2,0,8.86,1335.57,29,8.65
43,3,2,20,2,8.32,729.24,29,9.36
56,2,3,13,0,9.68,1830.99,6,9.64
171,2,2,6,1,6.56,397.59,17,21.41
239,1,2,6,2,8.25,1483.01,44,1.63
39,1,2,19,2,7.99,484.8,39,5.9
171,1,3,15,0,5.3,1526.17,34,1.11
62,4,3,19,0,5.82,1064.57,1,21.9
168,3,1,8,2,7.18,1650.3,18,27.55
162,2,2,15,2,8.78,351.77,2,18.64
53,4,2,25,0,6.77,1332.41,13,16.73
174,1,1,9,1,5.37,532.51,38,25.47
218,1,3,11,0,9.96,1580.64,17,7.51
212,2,1,4,2,4.69,483.91,7,2.33
40,4,2,19,2,9.74,393.49,32,14.52
85,3,1,0,0,8.85,1640.59,34,7.66
84,4,1,7,1,9.03,373.89,29,12.9
127,1,3,21,1,8.77,687.84,36,13.05
64,4,1,0,0,5.25,1858.23,31,9.27
210,1,1,29,0,7.8,1828.89,28,13.87
194,1,3,12,2,8.54,1915.55,40,10.95
200,3,3,11,1,8.47,885.89,14,3.61
75,1,1,16,0,5.63,1279.69,20,24.33
37,4,1,19,0,5.09,1758.03,25,19.79
221,4,3,13,1,5.97,517.12,30,1.64
94,3,3,26,2,6.88,1662.56,21,3.68
169,2,3,28,1,7.44,440.1,19,3.15
221,1,2,6,2,9.02,2030.84,7,2.2
42,3,1,21,1,8.61,1492.75,28,2.12
36,3,3,9,2,8.06,1211.95,5,4.82
36,4,1,29,2,5.58,1195.22,21,23.82
67,3,1,7,0,6.87,603.66,18,23.28
45,1,3,8,0,6.01,924.54,34,22.04
203,1,2,21,2,5.41,1667.89,21,17.4
159,4,1,23,2,4.06,1304.84,0,20.4
235,1,1,3,0,6.04,1282.15,22,20.81
199,4,2,16,1,5.54,630.73,9,24.96
232,1,1,10,2,7.43,1596.21,17,20.64
83,3,3,18,2,4.37,1014.47,13,20.75
93,4,2,16,0,5.62,606.37,7,22.61
209,2,2,29,2,4.27,2090.38,42,15.8
85,1,2,28,1,7.85,1238.26,11,6.36
46,4,2,19,2,7.41,1279.67,22,2.82
172,1,2,20,0,6.02,2163.68,37,12.02
199,3,3,26,1,4.88,964.49,16,3.02
233,4,2,5,0,9.75,2088.89,42,5.16
225,3,2,21,1,7.51,1605.1,18,1.16
59,1,2,23,0,8.07,1484.54,42,8.76
193,4,1,3,1,7.19,707.12,20,27.17
208,1,3,26,2,8.84,350.92,0,10.92
178,3,2,20,1,9.38,1103.68,39,7.12
203,3,3,10,0,6.3,269.83,38,11.59
206,2,3,14,1,8.14,388.45,43,8.79
126,2,3,14,1,5.38,1410.89,5,19.03
43,1,3,27,2,7.91,1662.72,37,17.95
128,4,3,29,0,6.39,577.5,15,1.25
76,1,2,24,0,4.04,1678.38,37,14.56
58,2,3,19,1,9.73,2101.97,43,1.5
60,3,1,3,2,9.21,1699.19,8,19.13
177,3,3,27,1,5.75,1780.19,16,26.23
138,3,1,4,0,9.99,1616.39,12,25.46
145,3,3,5,0,5.9,688.24,13,6.16
187,3,1,2,2,6.75,953.74,26,20.92
147,4,2,28,2,9.11,2101.07,18,22.31
164,2,1,14,0,5.83,1539.36,29,24.27
52,4,1,7,0,6.7,1788.6,30,7.64
209,4,3,2,0,7.99,2138.95,9,12.9
127,4,3,12,1,4.78,701.3,1,6.59
66,4,1,21,2,6.53,877.29,33,1.17
201,4,1,29,0,5.86,1507.36,8,18.62
185,1,3,16,2,8.06,297.5,8,12.37
45,4,3,18,0,4.82,1363.88,27,7.32
74,3,1,25,2,5.4,1826.94,11,23.8
38,2,2,27,0,8.27,1440.36,8,14.13
90,3,1,8,2,4.94,826.02,13,27.85
55,2,3,29,1,6.53,1662.0,23,22.32
180,3,2,15,0,8.28,534.76,38,24.4
142,4,1,27,0,8.59,1994.81,44,21.77
235,1,1,3,2,4.57,446.78,32,3.41
188,2,2,2,1,9.11,1933.81,40,2.29
160,4,3,26,1,8.34,1220.73,23,25.66
139,2,1,20,2,6.04,1085.86,18,4.3
46,4,3,5,1,8.58,1226.29,36,11.26
49,1,2,26,1,8.37,640.4,13,17.27
161,3,3,3,1,7.61,1142.49,36,6.33
35,4,3,20,0,7.35,1906.95,44,6.7
43,4,1,6,0,8.41,1811.86,17,13.32
79,1,1,2,0,10.0,567.94,28,10.42
216,4,3,24,1,7.47,1563.17,35,19.11
129,2,1,25,1,8.85,1920.83,35,2.56
180,2,1,3,2,8.47,1848.55,9,13.94
119,2,2,2,2,9.13,1079.98,43,5.29
70,3,3,18,0,9.73,343.78,22,17.18
111,3,3,0,2,5.16,2065.78,1,3.7
53,2,2,22,2,4.99,1021.98,5,5.93
192,1,1,27,1,7.52,953.9,32,22.61
72,4,2,22,1,6.7,1731.05,19,6.97
112,1,3,6,0,7.42,764.75,4,20.77
235,1,1,5,0,8.79,1877.76,23,8.01
156,3,2,20,0,9.59,398.3,26,6.96
129,2,1,1,1,6.5,1694.39,3,8.73
146,3,1,16,1,8.31,2133.29,15,24.73
195,4,1,13,0,5.18,2191.75,20,11.42
87,1,3,22,0,7.21,2051.42,35,7.2
165,2,3,6,0,4.13,1947.99,29,15.26
213,3,1,22,1,7.02,793.82,3,11.11
152,4,3,20,2,7.27,2134.96,27,22.23
126,3,2,7,1,8.41,2059.4,40,27.74
64,2,3,10,0,7.9,1292.03,2,14.98
85,3,3,1,0,6.15,1034.05,44,12.92
228,4,1,13,0,4.03,463.07,4,9.93
145,2,3,7,2,4.69,1401.74,28,27.27
96,4,2,3,2,9.84,1616.06,15,13.79
120,4,1,16,0,9.53,1037.79,32,5.39
153,2,1,17,0,5.95,1041.76,37,27.15
145,1,3,2,0,5.55,1367.96,38,26.92
178,4,2,5,2,6.62,304.18,39,12.48
87,1,2,2,0,8.14,2117.84,36,10.08
168,2,1,20,2,6.14,815.32,13,19.21
125,1,3,10,1,4.4,524.74,20,23.3
227,3,1,2,0,6.42,260.7,32,14.21
67,2,1,5,2,5.56,1920.94,7,9.6
65,3,2,29,1,5.95,1933.25,25,8.79
129,4,3,7,2,4.98,435.85,23,9.48
139,4,1,20,0,7.95,546.87,44,3.75
176,4,1,14,1,7.16,1123.41,2,21.91
117,1,2,5,1,5.63,612.12,4,3.39
222,2,1,9,1,7.32,1684.85,1,11.45
132,1,2,0,0,6.96,363.18,24,23.46
61,4,1,22,1,8.78,1321.93,24,11.61
59,3,1,10,2,9.74,996.44,26,8.61
234,2,1,14,2,4.78,1156.65,10,26.58
62,3,3,4,0,9.3,1078.28,13,3.98
229,3,3,24,2,8.23,548.66,18,24.83
92,2,2,6,2,8.16,679.55,2,2.21
54,2,2,16,0,6.25,376.38,33,11.87
97,1,3,26,0,6.06,474.81,2,17.87
161,2,1,21,2,4.03,2156.89,30,10.68
122,2,2,18,0,9.89,795.58,20,15.2
196,4,3,26,0,7.64,848.7,44,6.11
160,4,3,5,1,6.41,497.86,31,16.15
117,4,1,28,1,7.26,1722.57,21,4.2
165,1,3,16,1,4.24,2052.08,31,22.39
234,4,2,12,1,5.04,1790.01,5,16.55
119,2,3,7,2,7.74,1444.6,8,13.75
66,2,1,22,2,7.09,1835.8,22,2.0
118,4,2,29,0,8.72,1038.25,38,14.24
207,4,3,20,0,7.95,1926.02,36,16.0
79,1,1,0,0,7.61,1807.11,16,7.81
229,2,3,14,1,8.89,253.36,12,19.13
155,3,1,21,1,4.41,1201.2,43,2.61
158,3,3,11,2,8.15,766.0,25,6.24
99,2,2,23,1,8.29,418.15,5,20.78
223,3,1,21,0,5.65,1900.08,10,4.55
42,4,1,2,2,5.17,265.5,37,7.25
96,1,3,16,0,5.28,1673.82,40,18.4
120,3,1,5,2,5.19,2176.97,40,20.54
132,3,2,14,2,7.14,1189.94,0,1.92
132,4,1,11,2,4.81,973.92,37,3.98
65,2,3,24,2,7.96,1431.37,5,12.77
81,1,2,26,0,4.63,1819.16,36,16.8
54,3,3,13,1,4.16,718.49,39,12.98
152,3,1,16,1,5.92,738.87,16,18.29
106,2,1,18,1,5.15,1434.0,8,21.29
150,4,2,19,2,9.93,2082.77,32,26.61
155,4,2,19,1,5.82,831.96,3,10.12
178,1,3,23,0,5.33,984.67,26,4.99
147,4,3,29,2,5.18,2187.0,14,7.76
167,1,3,24,1,6.24,593.63,19,4.57
155,2,1,4,2,7.64,400.09,37,11.34
168,1,1,14,0,8.69,1400.02,44,24.5
161,2,3,13,2,6.19,297.32,18,10.04
99,4,2,15,0,7.76,601.84,13,4.59
85,2,3,15,1,6.89,1463.31,37,14.87
196,3,2,21,2,9.08,1536.05,18,27.78
105,1,1,12,1,7.41,1245.33,8,5.67
147,3,2,7,0,5.74,998.31,40,21.89
75,2,3,13,2,8.22,1373.59,44,23.14
123,3,2,25,2,8.92,1504.6,13,11.54
143,4,1,9,0,6.79,1816.79,7,17.54
163,3,1,0,0,9.92,1795.86,6,12.39
142,1,3,29,0,9.27,1546.36,26,7.71
108,2,3,5,0,5.18,1993.75,13,12.22
232,1,3,18,1,8.72,1884.15,28,3.12
140,2,1,24,0,7.61,509.83,34,19.94
200,1,2,8,2,7.21,2115.52,0,23.3
186,3,3,10,0,7.08,1988.9,38,8.95
149,2,2,8,1,9.12,875.81,1,16.08
216,1,2,4,1,7.67,289.36,5,6.88
61,1,2,4,1,7.23,1427.75,32,4.01
223,4,1,5,0,4.29,1104.91,27,18.75
209,4,1,13,1,6.69,1711.65,44,4.19
138,4,3,15,1,9.45,1272.97,25,22.0
185,1,1,0,1,8.27,399.16,18,7.97
141,2,1,25,2,4.31,727.14,30,23.01
90,4,2,20,1,9.3,1970.92,34,10.63
198,3,3,2,1,8.96,323.49,30,10.64
85,1,2,25,0,7.28,1686.51,16,21.14
99,1,2,0,0,4.13,819.29,43,14.53
141,2,2,16,1,7.37,1132.65,13,6.03
206,4,1,13,1,4.33,1285.46,15,23.89
113,1,1,15,2,5.92,737.66,12,9.85
136,4,1,28,2,7.77,1521.32,13,3.33
43,3,3,27,0,9.48,1602.21,9,11.94
58,4,3,8,1,6.15,415.87,26,16.28
46,4,1,17,1,9.16,979.16,32,17.27
49,2,1,28,0,9.51,1701.54,19,23.48
213,4,1,21,1,4.13,1657.19,41,15.39
207,1,3,26,1,5.44,1311.98,21,6.65
203,2,2,13,0,8.26,1766.47,21,7.7
46,1,3,8,1,8.54,459.91,3,3.27
50,1,2,15,2,6.35,480.51,40,20.74
92,1,3,24,0,7.94,1532.1,6,3.41
150,1,2,27,1,7.67,1602.0,7,17.16
103,1,1,20,0,8.44,1838.33,42,16.92
134,2,3,21,0,8.31,603.02,23,22.1
70,1,3,15,2,4.52,1257.7,3,2.55
184,1,3,9,1,4.95,1538.62,19,6.08
99,4,3,12,0,4.8,686.21,26,25.51
48,1,1,14,1,9.59,1258.01,0,16.24
187,1,1,24,0,9.48,1494.97,33,13.09
220,1,2,16,1,8.78,668.18,30,21.06
38,1,1,23,0,4.7,982.35,0,25.32
124,3,2,0,1,7.45,671.86,27,7.73
204,4,1,22,1,5.12,2010.74,10,25.29
179,3,2,15,1,6.21,711.76,33,3.49
210,3,2,29,1,5.6,485.63,16,27.39
120,1,2,14,0,8.97,318.55,9,5.03
111,4,3,14,0,4.87,337.66,22,7.82
180,1,2,3,0,7.88,623.59,19,3.16
66,3,2,24,1,9.9,1436.01,15,22.6
84,2,1,21,1,8.12,284.42,39,27.57
158,4,2,25,2,4.48,809.15,29,8.67
172,2,1,2,0,9.45,363.43,21,9.45
59,3,1,6,0,7.86,1037.13,10,8.17
139,2,2,26,2,6.74,344.72,25,4.76
109,3,1,1,2,7.96,1434.71,1,22.15
137,4,2,15,2,9.27,1592.43,39,2.17
231,3,1,12,0,6.86,1676.11,0,27.11
50,2,3,28,0,7.19,687.47,31,26.0
239,2,3,25,0,6.71,1943.58,15,3.76
127,3,1,26,0,4.44,1596.06,32,15.06
193,2,2,8,2,8.72,360.47,16,27.8
122,1,2,17,2,4.76,1109.5,1,23.95
98,2,2,21,2,6.37,1747.13,42,20.17
192,1,2,29,2,6.32,856.24,34,1.12
175,1,3,0,1,5.68,994.04,2,2.38
64,2,2,29,1,6.42,1477.73,1,22.34
179,4,1,10,2,7.71,358.19,23,10.85
189,4,2,3,2,5.87,2135.52,43,18.88
114,2,1,18,1,5.04,590.24,26,20.83
224,2,2,23,2,9.22,302.01,0,12.11
166,1,1,3,1,9.82,260.38,31,4.44
103,4,1,1,1,6.75,1029.13,19,11.13
37,1,3,26,2,5.96,1974.29,28,24.45
173,4,1,28,1,4.28,1848.54,15,9.6
77,4,3,4,2,4.22,2028.49,0,2.22
190,3,3,27,1,6.36,1290.88,0,26.88
142,2,2,27,0,9.58,1125.06,28,19.22
130,4,3,29,0,8.38,1002.43,28,15.37
68,3,1,6,1,6.1,340.52,14,23.3
180,3,1,17,1,9.81,2023.57,3,11.81
69,4,1,29,1,6.57,1217.54,34,27.59
120,4,2,27,2,5.66,1137.38,6,24.08
206,1,2,18,0,6.56,1254.58,8,8.21
223,4,3,5,0,5.27,1798.6,20,10.7
237,4,2,2,2,9.31,687.72,32,8.08
231,1,1,7,1,6.17,1634.31,44,18.63
148,2,3,1,1,7.95,1636.0,28,18.08
76,4,3,5,0,6.33,1906.63,43,14.87
207,1,3,2,1,9.41,266.93,29,27.06
199,2,2,22,1,7.85,582.27,38,13.49
238,3,2,17,1,6.93,1168.54,7,22.05
168,3,2,15,0,4.79,1908.55,2,18.6
64,4,3,24,1,9.41,2131.98,30,14.75
138,1,1,12,1,7.28,1409.99,43,1.66
126,2,3,12,0,5.71,663.66,33,18.58
207,4,1,6,0,9.27,609.94,15,18.17
115,3,2,13,2,4.33,1496.92,22,3.93
102,1,1,5,2,5.88,659.63,5,22.39
51,2,2,17,1,7.22,1328.52,15,13.34
206,2,3,29,2,6.04,1877.88,30,9.41
189,3,3,15,2,6.86,1010.15,7,23.16
43,2,3,8,0,5.59,988.02,21,9.94
123,3,1,20,1,4.78,320.47,13,17.6
133,2,1,24,2,4.22,745.46,22,17.49
131,3,3,14,0,4.95,1611.47,34,1.95
223,1,2,7,2,9.72,952.76,39,12.13
65,3,1,21,0,7.45,558.68,18,6.63
97,4,3,5,0,6.93,456.25,37,5.99
72,1,2,29,1,6.31,435.35,31,18.51
85,2,1,9,1,8.25,1535.31,41,0.81
220,3,3,10,0,4.85,1444.61,33,27.15
227,3,2,21,0,5.66,1261.12,24,11.37
44,3,2,0,1,7.94,1225.64,30,8.72
164,3,3,6,0,6.87,548.62,14,25.8
82,3,2,3,2,8.62,1226.18,30,13.88
74,3,2,11,2,9.38,366.88,31,17.39
94,1,2,16,0,8.94,2055.42,27,19.64
74,4,1,5,1,5.11,363.15,4,24.46
135,2,1,10,0,4.55,1075.88,23,4.07
239,1,3,23,1,5.02,251.11,31,2.75
155,2,1,28,2,8.7,1782.99,8,27.83
183,2,2,0,0,9.48,574.03,35,0.74
136,1,1,18,0,9.55,2053.59,37,19.98
37,4,1,0,0,5.79,335.76,24,17.3
52,1,2,15,2,9.04,1850.54,43,15.7
90,2,3,26,0,7.22,1530.44,38,22.11
84,2,2,23,1,8.94,736.98,20,27.79
207,4,1,6,1,7.29,644.72,39,1.79
207,3,1,7,0,4.88,947.47,41,17.4
210,4,1,23,0,4.48,1865.39,4,20.21
165,1,3,24,0,9.74,1930.82,44,8.91
149,4,1,8,2,6.55,591.81,0,25.05
168,4,2,0,2,6.1,939.22,21,13.07
118,2,1,13,2,6.14,713.11,42,5.02
172,3,2,18,0,6.27,489.15,32,24.0
197,1,3,13,1,9.67,1510.58,12,26.43
191,4,2,28,1,4.38,924.45,28,3.24
160,4,2,24,2,4.71,689.5,9,21.17
46,2,1,23,0,8.74,1938.7,10,6.41
183,3,1,0,2,7.3,1709.22,41,0.68
110,2,3,25,0,4.77,1758.83,2,7.67
187,1,1,22,1,4.21,326.43,43,24.01
145,3,2,11,2,5.35,2034.5,20,4.38
215,3,1,17,0,5.56,1370.74,2,4.09
104,4,1,24,0,4.09,1232.42,35,20.82
225,4,2,27,2,5.3,270.64,2,11.67
208,2,3,16,0,8.43,2000.44,14,4.58
102,4,1,1,2,9.13,1310.59,10,6.83
133,3,3,18,1,9.39,1859.05,35,22.35
143,3,2,20,1,6.34,1528.25,17,17.64
192,3,3,1,2,5.92,1803.55,29,21.43
176,4,1,24,2,10.0,1601.22,3,3.19
209,3,3,6,0,8.62,2045.88,31,13.1
110,1,1,26,0,7.22,689.69,31,22.42
138,1,3,16,0,5.53,644.1,12,7.81
123,2,2,9,0,5.93,1639.46,39,5.15
221,3,2,1,2,7.09,1227.72,21,11.0
97,3,1,0,1,7.25,1418.36,30,9.67
155,2,2,22,2,4.08,1631.66,8,5.6
59,3,1,11,0,9.76,1317.48,41,26.73
209,4,2,25,2,7.45,1786.0,11,13.79
113,2,3,6,2,7.53,871.79,28,17.22
104,2,1,27,2,5.27,1925.03,4,3.83
154,3,1,28,1,8.59,459.97,2,17.28
137,2,1,3,2,8.42,1486.31,5,15.77
208,4,1,19,1,4.57,1985.76,42,26.13
143,4,1,28,1,7.57,742.75,9,11.84
140,3,1,9,1,7.95,887.33,39,22.01
56,2,2,2,0,9.01,845.61,26,8.86
39,3,1,26,2,5.24,1350.31,3,16.42
116,1,3,14,2,9.27,1055.1,19,25.99
239,2,3,0,2,6.77,460.52,21,17.69
223,1,3,25,2,4.58,1988.01,12,20.06
163,1,2,20,1,4.63,649.12,27,24.59
164,1,1,2,2,5.19,1291.46,38,25.95
115,3,3,7,0,5.7,1409.87,39,6.23
71,1,1,0,1,6.98,329.47,23,5.89
36,3,2,28,0,8.49,436.64,40,15.64
104,2,2,0,0,5.12,2144.79,41,27.88
99,2,3,23,1,9.96,1545.8,3,13.98
74,4,2,15,1,4.97,315.45,28,9.6
88,3,3,17,2,7.6,1798.69,34,15.27
40,3,3,24,1,9.57,1241.66,0,2.27
159,3,2,26,1,9.0,396.64,27,5.37
225,1,3,3,1,7.89,1577.47,41,4.6
176,1,1,0,1,8.29,1223.74,12,1.27
126,3,3,3,2,4.81,649.59,38,20.36
121,4,1,20,0,4.06,1961.52,42,9.45
98,1,3,17,1,6.6,818.19,28,5.13
64,1,2,2,1,4.54,804.89,28,14.59
157,4,3,7,0,6.15,781.91,24,9.39
151,4,1,16,2,5.34,1746.54,18,11.31
36,1,2,21,1,9.5,1626.93,20,9.18
120,2,3,10,0,9.28,2011.13,23,0.61
91,3,1,28,1,8.91,697.21,21,19.43
69,1,1,29,2,8.28,1783.41,37,3.54
179,2,1,22,2,4.92,1367.44,34,6.53
142,2,1,13,0,4.29,851.93,15,5.73
164,3,2,26,1,7.92,319.14,23,9.61
181,2,2,21,0,7.85,1846.95,9,4.91
236,2,1,15,1,6.22,720.09,7,10.04
199,2,1,13,1,6.84,1481.9,16,7.19
162,4,1,24,1,6.93,1320.29,2,2.18
215,1,3,16,2,5.44,258.68,38,24.44
132,1,3,5,1,5.88,2188.97,5,8.9
236,1,1,29,1,6.51,1837.94,14,3.12
191,4,1,2,0,7.62,1198.62,11,14.84
168,4,1,20,0,9.73,1576.67,9,3.89
220,3,3,19,2,7.23,1179.36,16,21.76
140,1,3,17,1,8.39,1701.94,32,2.19
182,4,3,1,2,8.84,511.94,40,13.28
93,2,1,14,1,4.68,1120.38,8,26.46
232,4,2,26,1,7.92,904.3,10,4.87
162,2,1,7,1,6.89,1146.33,21,6.04
195,4,3,20,1,7.43,1128.42,14,17.01
129,4,2,25,0,4.23,529.03,35,27.45
212,1,1,28,0,9.44,2154.15,10,11.11
50,3,3,15,1,9.72,280.21,18,18.34
58,2,2,9,1,4.02,269.64,24,4.69
138,2,2,20,1,5.28,978.21,17,18.14
185,2,1,14,1,5.08,1459.73,27,7.45
200,3,1,18,0,8.69,600.32,35,17.37
125,2,3,22,2,7.59,1289.73,23,2.94
168,3,1,21,1,5.06,1659.41,20,14.94
148,3,1,7,0,8.88,433.42,42,7.03
232,4,3,22,1,6.12,2169.62,44,19.25
169,4,1,16,2,6.77,906.57,44,21.06
120,1,2,27,2,6.32,1502.71,0,23.82
233,4,3,19,0,7.13,465.9,37,27.79
56,1,2,26,2,6.88,1633.5,40,13.13
236,3,2,29,1,5.65,1888.89,36,18.94
66,2,1,29,1,6.55,455.31,33,1.01
94,3,2,22,1,9.45,495.43,16,25.39
203,3,2,17,2,7.02,798.04,32,17.43
185,4,2,3,0,9.5,273.27,26,12.09
233,2,1,11,0,7.3,2172.8,37,12.44
188,4,1,14,1,8.61,1416.85,15,21.34
165,2,3,23,0,5.76,1434.8,33,23.42
106,1,3,17,2,8.74,2119.98,35,22.72
35,2,3,13,2,5.59,1872.46,37,14.54
60,3,1,4,1,4.12,1837.77,7,10.71
96,3,3,21,2,4.96,912.03,38,26.5
43,4,1,12,0,4.13,902.98,9,17.94
139,1,2,1,1,9.68,818.89,42,15.45
194,2,1,8,1,10.0,926.06,1,16.95
232,4,3,26,0,8.57,970.54,10,17.82
135,2,1,3,0,4.65,523.01,27,20.11
214,1,3,12,1,9.39,944.1,24,15.71
237,4,1,15,1,8.46,1121.16,30,24.57
211,2,3,2,0,5.99,853.23,18,24.14
130,4,2,4,1,7.01,572.43,0,12.66
101,4,1,28,2,7.97,978.15,27,5.13
235,4,1,17,0,4.14,1187.77,22,16.36
84,3,3,6,2,7.01,1655.42,22,17.57
119,4,1,5,1,8.39,1636.91,16,14.89
50,4,1,12,1,5.13,645.26,40,24.99
197,2,2,21,2,6.66,321.48,35,3.06
168,1,1,21,1,7.2,842.41,8,8.4
52,2,1,5,2,8.41,556.42,1,24.31
80,3,2,21,0,9.79,1021.79,8,26.33
148,3,3,26,0,9.09,2159.72,2,12.21
145,1,3,6,1,7.73,603.09,31,5.8
199,3,3,0,0,7.5,871.8,27,12.06
89,1,1,28,0,7.62,1663.97,20,13.04
224,3,2,15,1,7.27,1242.91,26,14.79
126,3,1,23,2,4.36,335.66,36,8.04
203,3,3,9,0,8.19,565.3,37,9.1
83,2,2,8,2,8.3,2073.74,19,18.53
42,2,1,6,1,7.07,451.17,26,17.6
46,3,3,6,0,9.22,1488.43,25,18.71
111,3,1,14,0,8.03,1795.04,42,10.88
230,4,1,3,2,6.18,767.61,34,9.75
44,2,3,25,0,4.12,1663.9,14,10.17
110,2,2,15,1,4.35,581.3,39,26.66
57,2,3,27,2,6.11,805.26,17,11.37
225,3,2,15,1,6.77,858.05,34,17.17
173,1,3,9,0,5.0,2193.05,43,14.88
191,2,2,15,0,5.14,668.42,36,24.6
181,1,1,4,2,5.38,501.95,4,10.65
169,3,1,24,1,8.68,2055.1,9,12.44
193,4,3,21,0,8.63,565.76,35,23.68
36,4,1,4,0,6.3,1964.6,5,4.93
212,2,2,17,1,5.03,1518.39,0,16.84
186,1,1,16,0,4.67,1374.88,11,11.5
186,1,1,6,1,4.52,1715.11,21,27.61
115,1,2,3,0,6.35,1665.7,5,20.34
199,4,1,22,2,4.27,465.53,6,0.79
113,4,2,7,1,6.0,2198.96,15,23.59
45,3,3,15,2,9.77,2086.68,26,19.84
221,1,1,7,0,7.05,1998.35,24,15.93
83,1,1,19,1,8.94,1463.46,35,6.99
55,4,1,1,0,4.78,1269.44,44,4.61
162,2,3,10,1,5.61,1295.74,1,17.78
82,1,2,16,2,9.68,279.13,30,12.6
210,1,2,13,0,6.3,1223.97,7,24.19
125,2,1,18,2,7.89,1466.35,16,7.72
35,3,3,5,1,9.86,1534.48,15,18.03
230,4,1,13,2,7.3,897.67,31,7.34
140,2,3,22,0,5.83,1169.0,11,18.0
88,3,1,10,2,7.19,1490.81,40,1.83
173,1,3,4,1,4.33,1085.2,17,11.27
143,1,1,25,0,4.67,2126.16,36,5.25
41,1,1,23,0,4.04,1625.61,42,17.16
190,4,2,20,2,9.31,252.48,22,9.21
117,3,1,23,2,8.03,295.39,4,21.72
178,4,1,23,0,5.79,1596.09,31,3.65
218,1,2,22,1,5.33,1054.66,19,15.8
160,1,1,15,2,8.1,1886.97,15,16.83
172,4,2,0,1,9.52,587.38,20,1.11
87,1,3,17,0,5.79,276.96,13,1.49
83,1,1,8,1,5.93,1006.76,12,8.98
120,3,2,23,1,9.13,1685.33,44,17.25
209,3,1,14,0,9.36,2144.87,12,26.97
142,1,2,27,2,9.48,1973.13,20,3.0
106,2,1,17,0,5.76,1193.95,32,19.84
194,3,1,16,2,4.72,1834.99,9,19.55
209,2,1,27,2,6.64,387.14,27,18.91
220,2,3,14,2,5.77,1365.93,40,14.69
96,1,1,11,2,9.3,2052.38,36,27.09
180,2,3,11,0,4.22,1022.95,1,14.3
156,4,3,26,0,7.8,2122.2,18,23.55
127,3,2,22,2,9.44,680.34,0,7.72
116,4,1,4,2,9.86,455.99,27,22.67
58,1,3,14,2,7.9,1273.29,14,27.91
91,1,3,11,1,9.7,2019.13,40,25.53
147,3,1,19,1,4.45,856.99,7,8.86
216,1,3,1,0,6.16,1810.31,38,23.77
212,3,3,21,0,4.05,579.93,15,3.12
73,4,1,22,1,9.89,1703.86,41,19.14
174,2,1,6,0,9.42,1336.2,8,9.91
52,3,3,4,0,4.17,591.28,12,18.61
173,3,1,18,0,4.11,1650.27,15,11.84
105,1,2,7,0,6.2,1641.82,44,0.75
127,4,1,28,2,5.55,1255.1,33,6.86
182,1,3,23,2,9.08,689.66,36,1.67
122,4,1,28,2,4.96,507.97,24,12.25
200,3,1,16,0,8.74,2116.65,35,23.6
144,1,1,28,1,7.33,1528.83,28,20.79
239,3,1,0,2,6.26,1828.02,30,22.2
165,1,2,8,1,4.87,1609.09,37,22.7
95,3,1,0,1,9.99,1867.47,44,10.73
193,4,3,20,2,7.71,566.86,25,14.42
118,4,2,15,2,6.64,1219.05,19,14.48
144,4,1,8,2,6.23,1550.89,29,3.61
63,2,3,9,1,9.43,451.61,33,16.95
59,3,2,19,1,8.93,542.42,44,20.3
152,2,3,5,2,8.87,1486.27,31,17.3
73,4,1,15,2,7.7,1943.98,42,21.01
239,2,3,18,1,9.33,1537.81,32,3.77
210,4,2,7,1,5.8,320.6,42,21.44
178,2,3,6,1,8.22,2142.34,33,6.22
185,3,2,10,0,6.43,522.04,39,24.61
157,1,3,17,1,7.6,703.5,8,7.24
47,3,2,7,1,9.99,2151.19,44,14.03
115,1,1,11,2,9.91,1753.51,15,13.9
136,1,1,16,1,7.08,2076.32,35,7.89
222,2,3,5,0,7.44,1822.91,17,10.45
79,2,3,17,2,9.38,1520.88,20,5.6
136,3,2,4,1,9.91,804.88,33,16.18
105,2,3,4,0,8.67,887.42,24,25.61
62,1,1,7,2,4.39,2097.18,32,9.21
56,2,1,8,1,5.94,1928.22,3,14.47
109,2,2,0,1,9.38,951.01,37,24.2
51,3,2,28,2,8.61,977.87,18,12.94
48,3,3,9,2,8.45,830.5,35,23.36
106,1,3,24,1,8.01,885.95,12,12.78
76,3,1,27,1,6.49,1928.3,26,12.61
148,3,3,24,2,6.42,270.49,26,4.82
38,4,2,24,0,8.85,1100.3,6,3.94
96,3,3,3,2,5.76,2088.54,21,17.32
127,4,1,11,1,8.11,1308.14,28,23.25
232,1,1,22,2,8.36,1128.37,37,4.22
165,3,1,17,1,9.07,859.12,39,25.53
215,1,3,0,2,5.92,394.13,17,10.37
105,1,1,17,0,8.45,687.75,28,12.19
127,4,3,24,2,4.64,426.39,7,25.1
121,2,3,24,0,4.83,497.06,40,25.15
216,3,1,11,1,6.5,568.86,39,14.93
231,3,3,7,0,4.33,838.96,44,8.11
232,3,1,9,2,9.69,271.48,21,5.23
189,1,1,8,2,9.41,2102.78,16,7.97
138,1,2,10,0,4.29,491.45,34,21.97
145,1,1,9,2,9.03,997.14,32,9.43
236,4,1,13,0,7.05,1965.08,9,19.6
93,1,1,1,1,8.21,457.81,24,5.87
106,3,2,8,0,9.32,1193.03,28,13.66
218,2,1,9,0,7.46,1897.33,20,10.18
114,1,1,4,0,4.7,1336.08,16,14.35
83,2,2,26,1,4.02,660.17,10,16.17
149,1,2,20,1,6.98,1684.24,18,27.75
101,1,3,27,2,9.7,1578.62,11,25.25
217,1,1,16,0,7.44,956.26,13,19.64
221,4,2,3,2,6.24,340.28,8,4.73
97,3,3,27,0,4.19,265.34,16,25.77
143,4,2,13,0,9.49,1859.52,28,25.05
236,2,1,20,0,5.96,877.04,16,24.88
187,1,2,11,0,8.23,518.65,6,13.67
79,3,2,14,1,8.17,1261.17,36,5.19
156,4,1,14,2,5.52,2045.62,19,21.25
162,3,2,8,2,4.38,266.54,26,11.18
168,1,1,16,2,6.31,359.48,23,9.98
40,2,2,22,1,5.9,1063.24,22,11.25
96,4,3,0,0,8.2,1568.13,19,15.87
210,3,2,3,1,8.92,1178.4,34,9.67
84,4,3,25,2,5.33,2000.22,38,19.47
96,3,1,17,0,7.17,335.96,40,18.31
101,1,3,29,0,4.24,913.27,19,14.49
71,4,3,18,2,5.29,935.13,15,1.98
66,4,3,19,0,8.57,913.25,3,26.25
106,3,3,26,2,8.76,1200.99,19,11.82
214,4,2,19,2,8.66,1791.63,44,12.86
35,1,2,9,1,4.85,869.87,11,13.04
93,4,3,15,1,7.31,1701.74,38,10.54
47,1,3,7,0,6.54,535.61,34,19.05
150,4,2,10,1,9.95,1343.41,29,0.88
86,1,1,20,2,7.92,981.42,25,24.52
197,3,1,4,2,9.61,1301.46,34,3.32
154,4,1,20,1,4.87,460.11,4,27.99
195,1,1,17,2,6.71,2109.25,5,17.77
165,1,1,9,2,8.63,2017.12,8,2.32
124,4,1,1,0,6.21,1861.47,34,15.97
211,1,3,21,1,7.8,1990.93,19,9.61
132,3,1,24,1,7.07,536.04,9,26.71
229,4,2,21,1,9.95,1232.26,2,21.28
238,3,2,12,2,5.04,869.92,22,14.44
155,2,1,19,2,9.61,1980.4,17,12.32
173,2,3,12,1,6.41,619.4,8,27.89
87,3,3,10,0,6.81,678.89,1,18.85
202,3,3,9,2,7.17,1589.09,33,14.63
172,3,3,6,2,5.59,423.35,35,11.44
220,1,2,29,2,9.78,1678.12,11,9.43
89,3,3,19,1,9.47,772.85,22,19.9
196,3,1,5,0,9.84,1538.82,11,16.67
131,3,3,25,1,9.98,1952.42,18,23.83
72,1,3,4,0,8.02,1438.74,4,15.72
70,3,1,17,1,6.71,664.73,42,16.51
150,3,2,4,2,9.1,345.87,32,13.63
100,1,2,10,0,4.14,337.0,40,21.47
55,4,1,19,2,9.01,423.18,13,11.91
122,3,3,29,0,6.98,1380.64,39,23.93
168,2,1,29,0,8.04,929.02,23,9.49
100,3,1,26,2,6.24,724.06,8,19.55
230,3,1,7,0,6.21,677.65,14,25.06
194,3,3,2,2,4.19,2099.73,36,21.65
140,2,1,27,2,6.54,481.69,34,9.92
226,4,2,27,0,6.45,844.39,32,19.92
123,4,3,8,0,5.35,1169.38,10,6.19
63,1,1,0,0,5.48,250.88,29,2.1
42,3,3,19,0,7.5,2045.86,42,22.26
227,1,1,2,2,5.91,443.24,2,22.72
231,2,3,1,2,8.98,1580.82,14,1.13
186,4,1,28,2,4.67,1476.29,3,26.56
56,1,1,14,2,7.47,1827.67,4,12.76
95,2,3,3,2,4.96,1520.21,44,25.39
43,1,3,19,2,7.17,1750.31,10,22.17
45,3,3,11,2,7.32,1071.43,8,25.27
85,2,3,16,1,7.85,1202.97,3,23.42
152,3,2,26,2,6.56,1618.24,44,27.28
48,4,1,7,0,7.06,1358.43,21,17.8
236,3,1,19,1,5.09,1247.5,35,6.75
128,3,2,24,2,6.78,650.84,11,11.21
89,1,2,12,0,6.24,753.31,28,21.18
140,1,2,29,0,8.0,949.07,39,4.82
196,4,1,13,0,6.61,268.1,30,26.07
99,4,2,13,0,8.68,1063.86,23,6.15
44,3,1,26,1,6.56,255.4,9,24.59
45,2,1,19,2,5.41,1351.78,10,13.8
209,1,1,26,0,5.64,1622.86,26,23.62
57,4,2,23,2,4.27,1346.19,20,26.85
165,4,2,21,2,7.24,1602.36,2,12.11
113,1,1,7,2,8.99,250.03,8,19.66
194,3,2,11,2,8.61,365.91,19,6.73
47,3,1,25,0,6.63,1612.0,8,22.52
219,2,1,18,1,5.18,1815.66,24,23.05
178,4,1,8,2,9.18,1649.52,13,8.62
127,1,2,9,2,4.34,1542.87,13,1.16
77,2,3,23,1,6.4,1629.4,4,12.36
235,1,1,5,2,9.14,1692.2,22,5.18
96,3,1,3,2,6.36,1662.54,8,23.01
135,3,1,22,0,4.71,1689.12,28,7.68
115,4,2,8,2,5.6,394.34,42,26.45
82,3,3,22,0,7.6,373.38,41,27.22
120,1,1,16,1,4.91,954.18,30,25.49
66,2,2,29,0,7.93,1278.81,36,16.99
35,1,3,15,2,6.63,1737.11,41,7.85
94,3,3,26,0,6.01,902.68,30,22.7
57,3,2,25,1,5.45,786.48,11,19.79
120,4,3,6,2,8.94,1773.82,22,27.37
211,2,3,29,2,6.38,736.21,38,10.87
68,2,3,22,0,8.43,1850.64,30,2.12
35,1,1,3,2,6.64,595.41,16,27.96
57,2,1,0,1,4.55,950.97,7,23.55
139,2,1,8,2,6.64,1032.1,6,6.59
91,4,3,0,1,7.05,834.05,16,20.45
135,4,2,10,0,6.75,256.55,36,0.52
40,1,1,29,0,8.9,709.24,24,15.84
103,2,2,14,0,9.47,908.42,2,10.48
119,3,1,0,2,8.72,861.57,41,10.99
123,2,3,14,2,7.5,1781.83,18,7.22
147,1,2,6,1,7.25,342.37,17,8.06
195,4,3,25,2,7.87,1008.45,36,13.0
130,3,1,2,0,5.73,323.16,16,7.32
207,3,2,23,2,8.87,2064.76,27,13.33
143,2,1,13,0,9.14,1790.91,41,16.38
88,4,3,0,0,5.6,2165.22,23,20.06
81,1,2,20,2,9.42,2024.81,27,19.12
101,2,2,13,1,9.09,865.83,15,7.15
157,4,2,23,0,6.55,1598.59,40,1.58
84,4,1,18,2,9.45,847.78,3,23.4
222,2,3,23,0,4.72,1982.01,12,24.49
133,3,2,13,2,4.17,1050.97,44,27.42
211,1,3,0,0,6.09,982.98,21,26.89
175,1,1,3,0,7.39,2032.43,7,17.93
103,2,1,13,0,6.11,1881.64,18,25.09
81,4,3,11,1,9.65,2134.51,11,12.82
187,3,1,23,0,5.53,379.65,23,22.15
102,2,1,12,0,5.69,724.51,10,26.77
85,2,3,25,2,7.81,836.67,17,22.4
225,1,1,5,1,4.02,1077.49,40,11.93
133,2,1,11,1,8.37,1172.6,3,10.89
44,1,2,22,0,6.26,818.37,34,8.52
136,1,1,3,0,9.87,1791.38,3,10.59
129,3,1,9,0,8.15,685.33,20,23.07
212,1,1,22,2,4.31,1608.21,30,19.79
180,1,1,17,0,4.56,1910.95,42,7.37
74,3,1,23,0,4.53,1427.21,11,20.07
65,2,3,15,2,9.72,940.61,2,10.93
158,2,1,25,1,8.1,616.39,33,15.84
44,1,1,26,2,6.57,511.98,40,10.69
100,1,1,29,1,5.2,1701.14,25,14.84
63,2,2,3,2,9.24,1164.81,2,20.57
39,3,3,17,2,5.21,340.32,22,20.61
223,2,2,3,1,8.24,2168.49,17,21.21
53,3,1,6,2,8.58,1559.04,20,11.25
36,3,1,9,1,5.77,1896.16,2,19.49
226,2,2,19,2,7.03,1104.47,14,7.06
73,2,1,12,1,5.34,2113.11,44,13.63
202,2,3,25,2,6.27,639.07,2,16.54
41,1,3,8,1,9.79,611.02,41,19.38
66,3,2,18,1,8.16,1986.15,23,25.58
57,3,3,22,1,9.08,1988.85,26,8.88
179,2,1,29,2,7.24,1223.09,42,23.75
162,2,1,7,2,5.43,495.28,9,9.06
132,2,3,22,2,8.28,845.17,44,15.68
84,3,3,2,2,7.0,1720.6,12,23.27
53,4,1,16,0,5.06,1899.68,15,20.39
151,1,2,12,2,6.47,927.93,20,24.23
82,2,1,28,2,7.81,369.41,27,22.91
155,1,2,23,0,8.41,1548.17,14,8.1
175,2,3,27,2,5.46,1692.02,35,27.81
209,1,3,25,1,9.26,1076.83,0,26.27
136,2,2,12,0,6.28,1387.04,29,12.33
35,2,3,22,0,5.63,2175.37,29,1.8
92,2,2,0,1,5.17,727.75,24,8.85
209,2,3,16,0,8.83,1367.31,27,23.49
144,4,1,1,2,6.12,1441.37,33,26.65
161,4,2,21,2,6.9,1320.76,40,23.37
128,1,2,29,2,5.34,1944.8,9,11.41
68,2,2,20,1,8.12,1429.76,21,2.05
218,4,1,25,1,8.69,1240.39,25,14.73
193,3,1,7,2,6.04,489.88,15,10.85
239,1,3,29,2,9.67,1621.26,43,3.88
210,3,1,16,0,4.18,507.61,23,3.41
94,1,2,20,1,4.8,301.81,26,4.71
87,1,2,23,2,7.53,1202.64,8,6.16
85,3,2,19,2,8.21,1366.27,18,21.23
223,3,1,9,2,5.5,2198.16,28,11.0
149,4,1,18,0,7.32,1639.04,19,12.52
128,2,1,19,1,5.91,1904.75,34,16.96
233,4,1,25,0,7.32,925.46,6,26.9
158,2,1,14,2,7.96,1242.38,6,21.3
221,3,1,15,1,9.84,2149.82,15,18.26
236,1,1,15,0,6.73,1063.91,14,20.96
51,1,3,3,0,7.89,1824.22,36,20.28
109,4,2,2,2,7.47,1275.68,39,19.48
185,4,1,0,2,5.91,686.73,21,14.15
201,4,2,19,2,5.52,1381.82,22,16.09
65,2,1,12,2,9.93,675.22,13,13.19
100,1,2,25,2,5.24,255.9,23,11.36
147,4,1,21,2,8.74,710.0,31,7.95
198,3,1,4,2,4.88,626.63,32,10.27
58,1,1,3,2,8.83,973.3,43,12.28
158,4,2,10,1,5.11,1982.76,26,16.43
95,4,2,27,2,9.8,1006.31,15,14.25
79,2,2,1,2,8.12,1898.12,3,3.47
140,4,2,5,0,4.54,1333.45,30,9.85
119,4,3,0,2,8.16,264.85,36,10.85
165,3,3,12,1,7.62,618.04,24,19.94
100,3,2,29,0,6.03,2065.99,41,9.65
203,2,2,20,0,5.56,1428.14,14,0.72
51,4,2,14,0,8.31,2062.62,2,2.82
211,4,1,4,2,8.45,854.73,28,14.17
41,4,2,10,2,5.96,1647.3,5,5.68
185,3,1,15,0,9.26,1755.45,3,14.1
106,1,3,8,1,5.61,2152.61,31,16.29
113,2,2,21,1,4.42,285.44,19,26.17
38,2,3,29,1,7.6,2106.86,27,18.53
178,4,3,6,1,4.64,1013.6,33,1.35
68,3,2,7,2,5.66,1884.09,17,10.97
170,3,3,3,1,7.04,1312.19,27,22.32
183,1,2,21,1,5.72,1351.07,24,7.67
208,4,1,13,1,5.29,950.79,26,25.94
180,2,1,8,1,8.22,1865.52,31,15.05
96,1,1,6,2,7.28,764.83,17,3.04
186,4,3,2,1,9.04,1209.87,22,7.15
204,1,2,14,2,7.49,1342.34,26,25.42
100,1,1,20,1,6.9,1697.92,6,27.77
60,1,2,7,2,5.57,1169.69,9,24.23
217,2,1,0,2,8.75,1576.55,4,9.32
65,1,3,14,2,5.18,1196.32,8,21.64
156,4,3,20,1,5.45,1535.68,19,6.61
83,3,1,10,1,9.05,1564.58,42,11.07
60,2,3,7,1,8.45,1633.41,41,19.67
194,1,2,4,1,7.68,1855.43,34,27.14
64,2,1,22,2,4.23,1304.41,25,12.58
172,1,3,25,2,4.76,626.89,9,14.14
177,4,1,23,2,7.0,1575.3,16,6.55
47,2,1,15,2,8.48,400.38,34,11.59
70,2,1,21,2,6.78,676.96,40,2.23
197,1,2,11,1,4.1,1794.71,43,24.11
138,1,2,0,0,5.11,1098.39,17,1.14
59,1,1,11,1,7.53,1221.19,21,19.3
238,1,1,21,2,8.17,2175.42,22,8.01
89,3,1,19,2,4.2,708.59,2,13.59
35,4,3,29,1,4.26,288.13,5,8.24
224,4,3,29,2,5.57,467.18,2,11.5
38,2,3,7,0,4.5,726.78,33,15.54
148,4,2,0,1,7.25,1665.54,10,18.12
238,3,2,8,2,4.74,1762.85,31,26.36
153,1,3,26,1,7.89,1352.7,16,9.64
154,1,2,24,2,8.66,747.34,35,16.58
114,3,2,2,1,9.82,1267.4,5,25.3
61,2,1,4,1,9.69,279.17,14,8.48
152,1,2,16,1,5.64,1579.51,9,24.29
218,4,1,19,2,4.18,1447.88,19,26.83
53,3,1,29,0,5.98,292.5,25,23.81
215,3,3,22,0,8.25,1843.17,7,16.17
120,4,3,6,1,4.36,1738.68,30,20.36
144,4,1,1,0,6.16,851.04,43,13.73
68,4,1,19,1,5.79,1488.98,1,16.92
162,2,1,16,1,5.32,1422.91,3,27.3
72,4,3,27,0,8.24,529.2,42,7.41
91,3,1,17,1,7.95,626.86,29,22.3
182,3,1,15,1,7.21,1582.25,41,14.42
45,4,1,9,2,9.46,2070.43,31,5.36
126,1,3,2,0,4.62,1373.75,32,18.2
156,2,2,26,2,4.9,1357.24,7,22.29
62,1,3,24,1,6.3,1511.03,23,16.14
95,2,3,4,2,7.94,1109.13,16,23.53
105,2,1,21,0,7.5,355.64,37,10.56
171,4,3,10,0,4.44,1023.18,1,25.63
235,4,2,13,1,9.75,2005.49,0,18.33
206,2,2,25,1,5.83,1819.65,25,22.59
73,2,1,25,1,6.15,2058.48,43,8.01
38,3,3,5,0,7.74,548.02,44,12.77
45,4,3,9,1,9.67,1236.62,26,25.51
157,4,2,24,2,7.98,1390.22,19,1.9
67,1,1,27,2,9.73,659.35,12,11.61
82,1,3,2,0,5.13,641.89,44,21.96
208,3,3,25,1,7.71,1774.96,8,20.95
214,2,2,14,1,8.97,1560.11,5,23.92
207,1,2,17,1,7.05,1512.02,22,20.83
87,1,1,2,2,6.17,770.63,17,26.55
162,2,1,20,1,9.91,1238.2,22,14.2
160,2,3,20,2,4.85,294.99,40,17.67
72,3,2,19,2,6.47,503.39,12,23.81
148,1,1,23,0,9.24,1260.59,39,19.8
142,3,3,28,2,9.4,853.86,9,3.31
116,3,1,25,0,9.88,2133.06,14,10.59
189,2,1,22,1,9.31,1169.4,0,15.7
173,1,1,29,1,4.31,412.95,30,21.25
144,3,2,20,1,9.58,284.79,38,15.45
183,3,2,20,1,6.57,1664.25,39,21.88
191,2,1,16,0,7.91,584.44,7,23.53
151,2,2,23,0,6.37,616.23,34,7.79
89,3,2,2,2,8.88,1076.42,6,17.44
190,2,2,15,2,7.46,764.92,28,15.82
182,2,2,12,2,9.07,1452.33,31,6.75
236,2,3,27,1,5.16,1197.1,6,13.97
65,2,3,2,2,5.11,467.33,4,15.59
120,3,1,19,1,6.64,1780.24,3,22.98
224,2,3,5,0,4.03,1080.42,31,13.18
140,2,2,26,0,8.16,1441.13,27,2.73
228,3,1,25,0,5.78,257.69,5,13.9
37,2,2,7,1,7.34,1471.48,22,23.54
42,1,3,26,2,4.42,801.56,35,16.21
198,4,3,14,0,5.02,1214.02,10,9.27
108,1,2,29,1,7.74,830.56,27,25.83
141,3,1,21,0,5.83,2192.71,13,4.78
122,2,1,1,1,5.29,700.14,11,9.49
118,1,1,6,1,5.37,2030.08,17,12.52
227,1,3,12,0,5.29,2040.03,15,20.79
54,4,2,6,1,7.74,1070.95,22,23.48
193,2,2,3,0,5.01,842.81,9,2.11
217,2,3,29,2,6.18,993.02,17,22.28
169,3,3,26,2,8.13,2179.21,28,20.31
115,1,3,13,2,7.08,1456.65,17,25.1
67,3,1,6,2,7.58,1312.32,29,25.26
174,2,2,5,0,5.51,320.04,5,21.88
131,3,3,27,2,9.6,1903.29,6,5.73
65,1,3,9,0,6.48,413.42,38,9.13
108,4,1,0,2,5.72,341.6,20,26.25
232,1,2,11,2,9.43,785.97,27,16.95
89,3,3,13,2,7.93,1177.79,33,15.32
71,3,1,18,2,7.68,1995.81,6,25.68
174,2,2,10,2,9.32,1790.65,43,24.54
75,1,1,27,2,4.35,635.38,19,20.51
223,2,3,19,0,9.03,975.56,40,24.76
211,4,1,29,0,8.07,1771.47,18,3.63
236,4,1,11,2,6.16,1277.83,18,21.33
222,4,1,19,0,5.54,590.26,27,27.06
84,1,1,10,1,4.63,1022.31,8,1.85
78,3,2,20,0,9.65,1470.57,27,6.63
105,1,1,22,1,4.85,2147.79,44,22.33
131,3,2,9,2,5.56,1540.53,29,14.8
215,2,2,28,2,8.15,281.58,3,2.88
185,3,2,25,1,8.26,1624.77,31,7.87
167,3,3,26,1,4.96,739.19,1,9.41
215,4,2,6,1,8.88,1931.21,4,9.33
167,2,2,21,1,7.06,998.59,12,24.64
112,2,3,3,1,9.09,639.25,13,18.71
119,3,1,3,2,4.52,1162.5,0,20.71
140,1,3,29,0,4.26,747.64,0,0.87
53,1,3,4,1,7.82,709.85,35,12.26
187,3,1,25,1,4.9,1367.86,20,9.24
168,4,1,12,1,7.15,1746.33,8,23.93
184,3,2,9,0,4.08,1878.16,19,26.73
144,4,1,2,0,8.68,1025.46,31,12.14
195,1,2,20,1,9.4,380.27,33,27.26
229,2,3,21,2,9.03,1193.75,12,0.89
151,3,2,14,2,9.75,1095.87,7,9.46
126,2,1,24,2,9.42,634.11,43,21.81
56,1,1,9,2,6.66,1997.48,28,10.4
194,1,3,16,1,6.39,2149.59,44,25.83
220,4,1,8,0,9.38,350.91,13,6.51
178,3,2,17,1,9.56,1801.71,5,22.38
212,2,3,4,2,9.84,1509.15,17,6.05
211,2,1,14,1,8.61,759.8,14,5.92
198,1,2,16,2,5.21,1488.55,32,12.76
138,4,2,16,0,9.67,500.85,32,26.49
55,1,1,13,0,9.68,385.34,3,16.6
35,4,2,19,0,8.0,2187.3,26,17.96
76,1,2,15,0,9.14,1490.92,15,0.77
123,2,1,8,1,7.37,743.78,27,2.06
187,2,3,6,1,9.66,1127.57,17,2.34
128,4,2,19,1,4.56,2102.67,24,23.04
39,1,1,28,0,9.18,1105.51,32,7.01
78,2,3,22,1,4.33,2005.87,13,9.54
235,2,3,19,0,6.03,1944.18,8,17.27
237,2,1,27,1,4.81,921.1,31,16.56
112,1,1,26,0,6.87,1607.22,42,11.79
200,4,2,15,0,5.39,1537.97,19,0.62
182,2,2,3,0,9.71,1753.86,44,12.86
225,2,3,19,0,7.36,963.56,8,20.82
216,2,2,18,1,9.39,351.86,36,6.97
163,4,2,8,1,5.67,583.53,44,19.98
115,2,1,25,1,4.16,1452.28,13,0.92
163,2,2,26,1,8.65,1761.45,6,25.47
100,2,3,9,0,8.21,1724.29,29,26.63
106,2,2,14,0,7.27,1388.18,39,0.57
159,1,2,5,2,8.89,415.28,3,13.09
152,3,1,5,2,9.04,283.71,28,11.88
154,1,3,7,0,7.53,1775.18,39,23.65
113,1,1,10,0,9.8,1321.28,1,15.37
118,1,1,8,0,8.32,1776.29,23,17.31
37,2,1,4,0,8.06,567.44,3,6.07
158,4,3,13,0,6.17,1044.48,7,2.62
153,3,2,18,1,4.01,2042.38,21,19.54
226,4,3,9,2,5.45,584.62,14,17.57
138,2,2,16,2,8.58,369.98,3,23.39
130,4,2,8,2,8.26,1524.26,36,23.73
48,1,2,21,1,5.99,1409.35,9,17.85
75,3,1,19,1,7.75,2106.46,39,15.3
104,4,2,28,1,5.17,2017.61,7,25.64
112,3,3,1,0,5.58,1711.39,23,22.53
109,4,3,25,1,9.68,287.36,32,24.77
115,2,2,10,0,6.48,1186.75,21,27.89
192,1,3,1,1,5.47,1997.4,18,11.6
61,4,3,20,0,6.92,1095.62,33,20.22
103,1,2,5,2,6.32,2126.18,0,19.42
68,4,2,5,2,8.38,1522.35,37,5.29
98,3,1,29,2,9.77,463.44,31,18.01
175,4,1,6,0,7.55,1243.08,34,12.27
44,2,3,16,0,7.55,1606.45,18,12.89
104,4,1,6,2,6.19,377.47,17,5.45
39,1,2,3,2,7.39,922.07,25,20.98
230,2,3,0,1,5.92,1648.31,28,19.69
184,1,1,0,0,4.01,556.29,41,15.14
84,4,3,14,1,9.2,929.26,38,4.81
75,3,2,13,1,6.58,1595.33,2,15.81
55,4,1,1,2,6.95,1762.3,6,3.25
131,4,1,10,1,4.5,1261.1,42,9.83
189,2,3,8,0,9.02,2115.87,17,10.74
154,1,3,17,2,5.02,2054.4,26,24.79
215,4,3,29,2,6.46,1173.2,2,11.93
105,2,3,20,0,9.04,562.54,4,16.96
92,1,1,27,0,6.75,1757.22,18,24.56
133,4,3,5,0,9.59,724.12,32,12.21
76,4,1,6,2,5.26,1893.5,34,24.8
235,2,1,22,1,8.29,1394.93,40,4.25
73,4,3,9,1,9.87,1018.48,8,10.53
133,1,2,25,2,7.3,1334.95,9,3.1
142,1,2,13,0,8.15,1288.98,24,15.93
46,2,3,6,0,6.36,2053.23,24,26.83
131,3,1,25,2,8.51,668.01,1,18.57
128,1,2,16,1,9.45,2059.91,20,17.72
88,1,3,24,0,8.22,311.12,40,8.15
61,3,2,13,2,9.62,1749.95,7,26.11
44,4,2,3,0,7.53,2043.35,36,13.47
36,3,2,20,2,7.46,1018.4,20,7.84
133,4,3,3,2,5.83,392.48,23,27.66
53,4,1,19,2,8.26,1819.1,28,12.14
231,3,3,12,1,9.29,1893.59,31,10.72
85,3,3,23,0,7.88,905.7,28,1.46
168,4,3,26,2,5.4,1261.26,4,5.4
173,2,2,12,1,7.26,1828.46,13,22.75
136,1,2,26,1,8.54,624.48,38,13.77
216,4,2,3,0,9.64,1476.5,1,26.76
57,2,1,3,1,4.94,1089.73,32,2.81
82,4,3,29,1,4.76,590.11,23,17.44
86,2,2,17,0,6.48,1871.31,5,20.3
62,4,3,13,2,4.75,883.13,5,17.58
95,1,1,4,0,9.88,2072.13,44,15.07
99,3,3,8,2,6.55,1359.42,1,16.4
191,2,2,20,2,7.2,1253.29,1,19.46
96,2,3,24,1,5.36,1075.45,0,24.24
214,2,1,27,0,6.69,1031.31,28,9.75
193,4,2,12,1,9.91,1845.03,41,13.14
219,2,2,13,1,6.93,1571.13,7,17.99
56,4,2,4,1,4.05,1758.7,35,9.14
236,2,1,2,0,5.46,1071.11,32,5.42
160,1,2,13,1,9.87,759.8,10,27.07
236,4,1,17,0,9.93,419.39,3,5.86
107,1,2,3,1,5.26,1764.48,21,6.9
230,2,1,12,1,7.69,1059.79,3,17.51
155,4,2,19,1,4.46,1242.99,5,2.63
49,4,2,24,2,7.46,1165.22,20,1.44
119,4,1,28,2,4.76,1090.72,36,2.26
63,2,3,10,2,8.91,1583.6,44,3.89
227,4,3,11,2,9.64,1437.03,28,12.3
97,2,1,26,2,5.04,2145.5,12,23.3
80,3,1,20,0,6.78,520.86,14,9.9
148,3,3,8,0,4.61,1368.36,27,12.26
122,1,1,20,1,6.03,373.32,7,17.01
54,2,3,4,1,4.39,1825.44,23,8.81
202,2,2,13,2,5.59,1451.81,34,12.39
208,2,2,9,0,9.94,1085.34,37,11.12
187,2,1,29,0,4.27,1814.36,2,9.9
161,3,2,1,2,9.15,1137.26,12,11.18
117,1,1,25,2,4.46,694.18,11,0.81
146,1,2,8,0,7.17,1171.38,24,24.87
141,4,2,1,0,6.71,388.12,8,27.38
68,2,1,19,1,9.59,2000.83,42,24.22
51,3,2,20,1,5.19,1675.37,41,0.66
86,3,2,4,0,5.08,1732.62,14,21.15
128,3,3,1,1,8.49,1955.26,18,16.26
67,2,1,3,2,8.35,1793.57,19,3.09
56,2,3,12,2,8.2,1092.11,1,26.15
209,4,3,3,2,4.16,481.34,39,21.85
111,4,3,21,1,5.56,978.06,35,4.5
154,2,3,2,2,9.04,2071.47,14,27.01
142,3,2,23,0,7.61,2100.73,24,3.97
185,4,3,26,0,7.61,1747.35,17,13.0
186,1,3,21,0,5.78,648.64,10,4.87
95,4,2,28,2,5.56,629.18,13,4.63
208,2,1,28,1,9.68,1965.55,4,27.11
111,4,2,1,0,8.37,526.74,36,16.23
206,3,3,10,2,4.76,1389.07,29,7.63
117,4,3,22,0,9.63,987.59,41,21.85
57,1,2,10,1,7.49,838.92,0,24.57
190,1,1,22,0,6.0,1570.89,28,25.73
41,4,3,23,0,6.38,2121.16,25,26.16
193,3,1,29,0,8.35,1766.39,28,25.4
43,3,1,9,0,6.26,1198.02,44,18.07
77,1,2,10,1,7.47,1109.39,17,9.92
158,1,3,0,0,8.26,2019.95,6,25.95
228,4,1,8,0,5.17,1377.31,0,3.87
118,2,2,8,1,9.67,1218.45,22,5.14
59,3,1,13,1,6.14,1581.53,7,12.43
82,2,2,12,1,6.52,712.45,6,8.3
218,2,1,25,1,8.19,374.28,6,17.43
183,1,2,23,2,7.65,1917.47,12,25.4
55,4,2,21,2,6.64,1434.16,5,14.0
113,4,1,0,0,7.9,571.51,21,15.73
89,1,1,14,2,9.42,831.19,29,12.14
71,2,3,21,1,8.8,2180.37,13,19.96
208,3,1,7,1,8.95,1487.13,6,3.27
161,2,1,12,2,5.55,1490.42,25,1.84
71,3,1,21,0,6.52,390.72,3,18.14
168,2,3,23,1,7.32,2139.53,33,15.21
119,1,2,25,2,4.27,1990.93,17,11.7
47,2,1,12,2,8.62,1318.18,18,9.68
127,3,3,11,0,5.94,853.31,11,1.92
72,1,1,11,1,5.7,1611.21,12,19.22
85,4,2,20,0,5.56,1875.08,6,12.09
215,1,1,12,0,5.7,1782.94,25,12.74
180,1,3,12,0,6.03,2155.24,6,25.07
62,3,3,5,1,7.63,1491.87,30,20.78
209,3,3,14,2,7.5,876.39,11,6.53
152,2,1,7,1,5.53,1220.96,25,18.57
214,2,1,15,1,5.24,1841.82,24,4.14
188,1,3,26,2,8.96,767.42,28,5.84
104,3,3,23,1,4.56,701.25,34,20.14
144,2,1,14,2,7.08,1663.43,25,3.96
143,1,3,29,1,7.12,1116.63,38,8.21
182,2,3,29,0,7.44,1842.31,11,25.2
85,4,2,13,1,9.31,530.18,33,20.8
103,2,2,22,1,7.74,904.61,15,26.06
85,4,1,10,1,9.84,772.79,28,24.75
95,2,1,26,2,9.23,1610.84,22,9.1
68,1,1,11,0,5.29,1730.69,40,17.89
42,2,1,7,1,5.45,1139.21,12,10.91
227,2,3,4,1,6.07,1182.16,23,19.67
50,1,2,25,0,6.35,507.46,7,10.08
217,3,3,8,1,7.32,1618.56,28,0.54
35,2,1,24,2,5.4,2185.02,1,3.08
194,3,3,2,1,5.33,1766.95,18,21.7
102,2,1,15,0,6.29,685.07,0,2.81
141,2,3,12,0,8.03,1465.09,14,16.98
92,2,1,13,1,8.13,825.17,21,24.09
135,1,1,5,2,9.86,308.84,14,20.88
127,3,1,2,0,5.21,600.65,17,11.87
143,1,3,10,0,6.36,450.06,6,6.24
115,3,1,14,2,9.79,632.07,32,25.87
144,4,2,23,0,8.14,1801.43,35,16.08
204,4,2,13,0,7.55,821.02,20,11.65
124,2,3,7,0,7.24,1726.23,2,26.41
109,2,2,7,2,4.45,2100.28,2,6.41
62,4,1,18,1,9.36,1369.83,30,12.66
108,2,2,13,0,7.75,1196.55,41,3.49
60,2,1,27,0,7.43,1712.75,38,3.93
72,4,3,13,2,7.24,439.33,18,11.46
230,4,3,17,2,6.35,1085.01,22,19.74
53,4,1,1,0,5.53,1222.71,7,9.82
133,1,3,5,0,8.53,1870.55,3,19.46
206,4,1,25,0,7.06,1837.72,34,22.64
230,1,2,10,2,4.2,1904.12,19,24.63
65,3,2,12,0,6.39,1610.85,22,1.73
68,4,1,17,0,9.57,1284.58,15,21.78
111,3,2,1,1,6.24,1864.36,14,4.55
148,4,1,15,1,6.48,1952.9,44,19.7
231,2,3,10,1,7.74,1186.94,36,10.72
77,2,3,4,2,8.81,2172.04,31,19.96
68,2,3,12,0,8.01,1955.9,17,6.38
86,2,2,13,1,9.1,1245.42,32,18.24
214,3,2,5,1,4.68,385.11,15,3.95
41,2,2,16,0,9.55,687.76,23,5.17
112,3,3,22,2,9.42,1763.98,6,17.4
59,2,2,8,1,7.11,466.75,31,9.76
67,2,2,28,1,7.75,1166.11,2,19.85
222,1,2,18,2,5.28,1429.46,32,19.34
35,3,2,23,0,6.69,1962.78,27,17.59
100,4,2,2,2,5.22,1901.87,2,20.59
222,4,3,23,2,4.13,1740.34,22,22.33
159,2,2,10,0,9.89,1045.0,10,25.56
49,2,3,21,2,5.55,527.39,21,2.71
130,3,3,24,2,7.56,1555.82,0,16.22
234,3,2,7,1,5.8,603.51,32,21.09
117,1,3,7,1,6.22,1344.56,22,6.47
143,3,1,1,2,6.39,2162.32,16,7.75
144,1,3,18,0,6.01,1323.1,39,7.84
170,1,1,23,0,7.82,1508.84,29,16.24
73,3,2,12,1,9.77,1571.27,27,10.57
207,1,1,4,2,6.57,1869.26,6,18.82
237,2,2,9,1,9.84,1098.21,22,17.28
64,3,2,12,0,8.01,1220.14,31,18.57
202,3,3,27,1,7.64,593.15,41,7.44
202,2,1,3,0,5.42,1448.63,27,21.6
187,1,3,10,2,4.38,826.73,7,18.76
111,4,3,19,1,9.11,1239.87,30,4.09
131,4,2,7,1,7.44,1744.79,3,6.0
207,4,2,26,1,6.49,284.26,14,8.78
66,3,3,27,2,8.87,1349.64,41,26.24
204,2,1,11,2,5.86,588.22,36,9.47
223,4,3,22,1,8.7,794.8,40,1.05
174,2,1,22,1,5.97,317.69,15,4.39
104,1,3,20,0,9.53,580.45,30,1.38
149,4,1,5,1,5.61,2173.93,31,11.58
45,2,3,1,1,4.83,2197.12,11,22.42
226,4,3,10,1,8.19,1653.7,42,12.89
105,2,1,3,2,4.98,1443.12,43,23.57
46,4,2,8,2,9.7,1765.16,4,1.81
197,3,2,19,1,7.93,1998.28,34,13.42
169,2,1,17,1,5.39,1262.64,20,22.14
162,2,2,6,0,5.25,318.8,30,19.05
46,4,3,0,1,9.54,1633.32,24,23.95
188,1,1,6,2,7.65,2169.97,10,8.03
165,2,3,13,2,9.36,753.2,4,14.27
197,2,3,23,2,4.66,1153.76,23,19.11
204,3,2,10,1,9.55,954.49,37,5.13
78,2,2,8,2,7.12,1011.41,37,22.93
78,3,2,16,2,8.01,1656.73,12,9.07
224,2,1,2,1,6.24,987.89,38,3.07
143,1,2,6,0,4.35,2085.11,16,21.56
124,1,3,1,1,9.75,1789.83,25,19.89
93,3,1,15,2,9.97,303.91,14,24.8
165,2,3,13,1,6.19,1846.17,23,25.03
189,2,3,17,2,9.66,1757.07,23,8.16
35,3,3,18,2,5.01,1257.16,31,18.14
148,2,2,11,0,4.93,1218.79,21,27.98
238,2,2,26,2,4.44,1879.28,23,7.2
92,1,2,27,1,6.35,1078.33,29,13.5
92,2,3,3,2,4.31,560.95,18,25.53
215,3,3,27,1,6.37,860.15,23,3.33
47,3,2,5,1,4.83,767.14,3,26.03
116,4,3,7,0,8.38,1578.07,39,13.92
128,4,2,15,0,9.0,598.8,5,25.06
198,1,2,0,1,8.13,1507.31,39,17.59
61,2,1,10,1,5.2,1158.64,34,18.96
123,2,2,5,1,8.6,1887.34,42,21.76
66,3,2,14,0,5.5,1195.75,1,2.35
196,2,3,24,1,8.56,2063.12,9,17.76
164,4,3,27,0,7.4,2005.91,2,25.91
136,2,1,6,0,6.2,611.31,18,26.79
115,3,2,16,1,4.5,1588.02,40,27.13
66,1,3,14,1,8.97,668.52,34,18.26
223,4,2,12,1,9.64,1855.44,31,17.92
167,4,2,18,2,8.0,1489.66,38,15.69
100,4,3,29,2,9.79,823.53,0,17.21
119,2,2,12,1,9.6,735.79,35,17.33
183,1,3,1,2,5.17,1087.68,14,1.67
182,3,2,27,0,8.39,1811.41,31,2.94
129,2,1,27,2,6.1,1802.52,34,17.53
97,4,2,9,1,6.93,315.08,30,9.14
170,3,3,15,2,4.94,839.46,18,8.79
169,3,2,25,2,9.85,1074.56,27,5.82
157,4,3,15,2,8.36,1391.88,21,22.53
49,4,1,14,2,5.6,541.58,28,27.02
131,2,3,27,0,6.23,903.8,20,17.76
160,1,1,24,0,6.53,1976.91,17,26.5
229,1,3,15,1,8.49,1179.27,9,24.81
142,2,2,4,1,9.55,1701.08,17,6.49
105,3,3,13,0,5.93,1195.32,32,4.72
148,1,3,20,2,6.84,1156.72,39,6.32
71,1,3,8,0,7.56,1462.75,4,3.15
53,3,3,16,2,6.36,755.76,8,16.53
174,4,2,19,0,7.03,737.11,22,8.27
237,1,3,2,1,4.63,2179.24,31,25.61
208,3,1,17,2,5.01,1944.53,7,17.37
154,1,1,22,1,6.41,1688.62,14,10.39
43,3,2,6,2,9.49,517.43,2,27.58
237,4,3,16,2,6.1,308.94,2,26.71
127,4,3,21,2,5.5,592.05,6,21.91
94,3,2,1,1,8.46,2078.58,32,22.27
217,3,2,19,2,9.69,1841.77,39,27.37
188,4,2,7,1,6.75,1270.0,22,17.01
188,3,3,11,2,4.05,2139.12,7,24.7
91,2,3,19,2,8.13,535.84,41,2.28
238,4,1,0,0,6.49,1340.34,12,15.74
127,3,2,0,1,8.04,607.28,6,14.32
143,4,2,13,2,5.67,847.54,6,1.54
188,3,3,28,0,4.01,2083.26,15,2.89
170,4,2,0,2,6.07,1943.14,33,1.1
70,1,3,23,0,8.23,448.51,17,8.59
97,1,2,2,2,6.36,736.61,20,1.97
109,1,3,14,2,5.32,1409.29,15,12.14
229,3,1,12,0,6.78,369.64,42,22.85
181,3,3,14,2,8.51,1322.67,30,17.38
110,1,1,2,0,4.72,1389.76,29,19.03
185,1,2,22,1,8.15,817.39,19,1.37
186,4,3,8,2,8.0,821.59,23,23.59
115,4,3,23,0,6.22,696.7,39,4.52
117,3,2,19,0,9.82,2074.57,29,8.82
218,2,2,16,1,9.37,1008.3,36,14.71
150,2,1,9,1,5.9,1391.27,1,26.07
65,1,3,19,0,4.19,838.07,38,27.95
182,1,1,29,1,5.85,1620.19,42,22.02
155,4,1,27,0,5.23,447.81,30,20.56
139,2,2,27,0,7.28,389.7,43,15.01
183,3,1,6,0,9.51,1701.35,25,18.8
220,3,1,17,0,9.22,1667.0,12,4.47
102,2,2,11,2,5.83,766.75,27,7.9
120,1,3,29,2,6.57,942.34,28,27.58
73,3,1,28,1,4.22,2116.66,6,27.44
167,1,3,26,2,7.26,453.44,9,9.38
117,2,2,4,1,4.38,607.14,13,7.13
105,4,1,9,2,9.63,1088.57,24,6.81
177,3,3,21,0,9.2,800.09,6,13.83
118,4,2,22,0,5.29,1515.57,34,6.65
130,1,3,10,2,8.2,1596.67,4,18.33
125,1,1,4,0,7.41,1276.46,42,2.56
88,2,1,4,2,8.81,1441.83,30,3.35
60,2,1,20,1,6.85,1095.17,15,8.12
204,1,2,13,1,5.15,1732.76,16,21.88
53,4,3,14,1,7.84,332.09,31,9.39
101,1,3,24,2,4.48,860.14,3,13.45
171,3,2,0,0,7.51,1584.64,32,18.56
61,3,2,22,2,5.28,892.81,24,22.18
169,3,3,8,2,8.11,403.14,9,8.95
185,1,2,27,2,8.97,922.78,40,20.6
170,2,1,28,2,4.66,1637.41,28,8.37
97,3,1,15,2,6.4,487.87,7,18.22
39,2,1,9,1,8.4,1663.03,29,12.9
216,3,2,6,1,4.98,1762.14,18,25.98
101,1,2,5,1,7.4,1488.84,34,27.51
200,1,2,29,2,8.03,726.26,22,21.79
75,3,2,5,1,6.13,1820.33,44,25.68
68,3,3,13,1,8.99,668.16,41,4.25
194,1,3,14,0,7.06,2016.35,1,18.5
227,4,1,20,0,7.76,1627.96,18,5.96
211,1,1,25,0,4.85,356.7,9,8.12
189,4,1,16,1,4.14,1808.61,20,14.88
85,3,3,22,1,4.3,1237.55,6,20.9
222,4,2,17,2,9.42,1132.67,24,20.34
171,4,3,13,1,9.3,1070.0,6,24.41
70,2,2,4,0,8.85,1432.93,28,15.88
61,4,2,6,1,5.2,1662.93,20,25.97
213,1,1,12,0,7.15,1997.15,44,24.92
91,2,2,1,2,8.78,782.24,39,23.85
192,1,1,9,2,8.05,1480.01,27,6.81
63,2,2,13,0,4.69,1588.37,20,15.11
92,4,1,14,0,9.37,1565.85,32,20.75
93,2,1,24,0,4.96,1211.35,30,27.34
92,1,1,29,1,5.03,1012.49,6,0.82
173,2,3,21,0,9.41,1736.64,16,9.5
222,4,3,2,2,6.91,835.02,44,9.91
221,3,2,12,0,6.24,655.7,14,8.43
187,3,2,21,1,7.32,1314.37,0,22.98
76,2,3,17,1,9.89,771.84,37,1.74
231,2,2,13,0,4.72,314.8,41,10.38
146,3,2,13,2,8.54,350.57,29,20.07
146,3,2,12,0,6.01,1605.27,28,11.69
178,4,2,17,2,4.7,2147.63,15,4.46
192,3,2,5,2,6.53,1136.64,16,17.3
230,4,3,15,1,7.29,536.77,41,14.87
154,4,2,6,2,5.24,1845.26,38,27.5
160,1,2,20,1,6.43,759.8,22,21.08
187,2,1,25,0,7.81,2191.47,14,27.62
87,2,3,15,0,7.46,1348.37,8,5.62
98,1,3,11,2,8.34,703.63,0,21.44
163,1,1,28,1,9.02,1217.21,21,15.67
48,4,1,19,2,6.45,903.99,24,20.09
100,2,3,12,0,6.54,1769.97,30,13.36
182,1,1,0,2,6.98,456.34,36,6.34
235,2,3,0,2,7.4,1921.16,16,1.76
141,2,3,6,0,4.65,1746.31,7,23.55
116,1,3,7,1,5.88,1929.66,37,22.91
125,1,1,21,2,5.03,1995.24,34,4.97
175,4,2,15,0,6.32,698.07,23,18.24
146,4,2,29,0,9.84,1265.96,1,20.79
39,2,3,16,0,7.5,1907.35,21,15.83
145,3,1,27,1,6.58,985.91,27,9.22
117,4,1,16,0,7.4,367.79,38,24.73
178,4,1,10,1,8.01,818.69,22,18.17
214,1,3,21,2,6.61,721.74,20,20.31
232,4,3,13,0,6.69,1946.62,17,18.43
160,1,1,8,0,8.21,1154.5,18,20.34
109,1,1,14,1,4.37,1582.91,0,4.49
126,2,1,19,0,7.24,2126.13,4,25.87
71,3,3,11,0,7.28,833.42,34,8.36
226,1,2,21,0,8.54,1734.34,16,23.51
208,2,1,29,0,9.9,294.39,38,25.07
210,2,1,12,2,8.77,453.03,17,18.41
102,2,2,8,0,7.02,565.64,44,16.95
101,4,2,12,1,5.02,859.22,8,3.5
210,2,1,25,2,7.53,1035.83,8,12.5
146,1,3,5,1,9.01,1180.18,26,17.32
179,1,2,29,1,9.59,728.4,36,2.75
135,1,1,12,1,8.95,379.12,6,3.57
125,1,3,25,2,5.13,1571.17,22,27.82
164,3,3,23,0,8.28,296.14,10,9.64
201,2,1,23,0,9.28,1828.47,33,10.12
103,2,1,27,2,8.09,2061.85,25,7.42
200,4,1,5,0,8.11,1635.22,29,18.27
85,3,3,17,0,7.0,1412.12,12,13.51
117,1,2,2,0,7.82,1531.19,12,22.24
222,2,3,8,0,5.77,1521.83,28,14.59
230,2,2,1,0,4.53,2066.83,15,0.92
224,4,2,20,1,8.97,2130.4,31,13.77
99,2,2,18,1,9.66,1082.09,6,2.02
207,1,3,22,0,9.14,1453.3,13,23.24
226,3,2,5,2,6.0,1815.47,4,3.63
235,2,3,9,0,4.56,252.02,3,6.47
39,1,3,20,2,5.68,1277.68,11,13.15
187,3,3,24,2,9.06,1523.11,22,5.87
239,1,3,26,1,7.93,1648.55,6,15.33
191,4,2,2,1,9.8,969.14,4,13.17
82,4,1,12,0,6.06,826.51,39,26.69
191,2,2,0,0,7.31,605.18,23,2.93
56,3,3,24,2,8.74,1337.74,32,16.36
133,3,3,3,1,5.4,2042.64,32,20.31
163,3,2,24,0,9.78,1997.16,4,4.01
128,1,1,4,2,7.55,951.93,27,18.0
178,2,2,0,2,4.05,752.82,38,24.27
84,1,3,26,0,4.15,1788.15,20,22.16
159,3,1,13,0,9.29,1663.71,38,26.22
167,1,1,12,0,7.87,1235.41,42,20.32
164,3,1,19,0,8.58,1008.61,24,11.33
94,3,3,8,1,8.7,491.41,4,25.81
97,4,2,20,0,6.52,1781.02,27,6.7
87,2,1,12,1,8.79,1454.06,39,16.55
129,1,1,8,0,9.63,984.92,26,21.56
155,3,1,11,2,5.03,2041.64,36,24.49
109,1,2,0,2,8.58,1536.36,24,25.7
119,1,3,9,1,5.85,2062.02,18,2.84
93,4,2,17,1,5.93,1175.1,42,20.47
79,4,3,4,0,6.48,1136.5,6,6.11
169,3,3,3,0,9.18,2077.62,20,21.93
202,4,3,19,1,4.13,2121.59,7,19.77
94,1,1,12,0,6.6,2123.5,29,5.49
211,1,3,4,1,8.08,1846.85,41,23.4
152,2,1,22,1,4.66,1151.69,44,13.2
69,1,2,23,0,8.75,660.08,10,15.46
110,4,3,1,1,9.65,997.71,32,27.21
36,1,1,6,1,4.55,2079.68,39,18.56
43,3,1,11,2,4.92,958.93,37,16.69
103,4,1,21,0,9.84,1725.6,22,0.96
128,3,1,2,1,5.19,2049.86,7,5.98
198,1,2,24,2,4.47,2142.26,20,1.23
62,2,3,9,0,9.71,2097.96,34,9.67
207,3,1,3,2,9.36,1332.36,27,9.97
83,4,2,25,2,7.93,1209.17,17,15.08
63,2,3,2,1,7.31,2175.9,9,19.47
178,2,3,3,2,9.52,675.45,29,5.43
193,4,1,28,2,7.93,615.68,19,17.05
159,4,2,15,0,7.95,2128.21,21,25.72
58,2,1,13,2,9.06,1593.93,42,5.59
58,1,1,20,0,7.92,1295.79,0,18.62
114,3,1,18,0,7.02,507.5,10,1.75
127,4,2,18,0,6.34,1250.82,41,15.11
239,4,1,0,1,7.02,2091.23,41,20.89
93,2,1,16,2,7.13,1425.64,13,1.44
74,1,1,8,1,6.16,1039.03,44,9.68
228,3,2,24,1,6.69,1324.65,9,24.64
66,4,2,15,0,8.81,1977.98,2,6.7
40,4,2,3,1,6.5,2030.05,13,20.38
121,1,1,26,1,4.15,1030.17,23,17.34
117,2,2,8,1,5.7,1435.72,0,5.0
162,2,2,8,0,5.39,794.45,7,20.9
214,1,1,28,0,8.76,1129.62,35,15.13
226,4,3,23,2,6.7,678.77,27,3.58
94,1,3,25,1,5.68,1286.37,27,26.61
236,3,2,19,1,8.86,1377.57,44,14.03
164,4,2,27,0,4.12,908.78,10,20.99
49,3,3,3,2,5.05,780.63,40,6.49
227,4,2,17,1,8.96,544.5,15,4.27
63,2,2,8,1,7.3,522.11,41,20.89
155,4,2,11,2,8.64,1637.35,35,19.03
197,2,1,7,0,9.03,682.19,9,8.04
86,1,3,6,1,9.65,480.06,9,21.02
90,2,1,13,2,4.38,2197.8,24,14.39
132,2,1,27,1,8.8,756.84,22,10.09
216,3,3,19,0,8.25,1997.29,10,22.14
80,2,2,10,0,5.24,1437.91,11,17.46
171,2,2,13,0,9.59,1644.39,40,14.45
127,2,1,15,1,6.43,1343.79,33,21.76
57,2,1,7,1,9.33,602.58,8,15.48
180,3,3,15,0,7.63,1901.75,32,26.31
205,2,2,20,2,7.16,1864.55,6,23.0
153,4,1,7,0,4.96,931.89,20,10.35
71,2,3,17,1,9.49,1739.51,0,13.29
66,4,2,21,2,7.34,1308.93,29,26.83
121,2,3,15,0,4.04,2022.65,8,25.12
138,1,2,8,0,4.11,1815.51,10,5.76
148,1,2,16,0,8.67,329.94,8,8.04
84,4,3,23,1,4.97,1964.59,8,10.52
137,4,3,6,0,7.59,2138.7,3,24.7
95,1,1,17,2,8.09,1697.2,24,26.0
175,3,3,20,0,5.68,483.83,39,22.56
198,3,3,9,2,7.42,1824.38,13,8.08
168,1,2,11,1,5.44,1512.6,35,24.89
35,2,1,26,0,9.68,910.71,24,1.4
238,3,1,10,0,9.16,1973.86,11,12.13
39,4,1,17,0,5.73,1352.86,2,10.88
239,4,1,4,0,7.17,1913.21,35,15.22
41,1,3,27,0,7.0,1556.72,1,15.92
140,1,3,17,1,9.76,812.61,18,6.7
56,2,2,22,0,6.36,2151.29,1,6.13
54,1,2,18,2,7.37,1363.46,34,22.6
175,3,3,10,0,9.57,1257.67,44,2.6
184,1,2,10,0,4.98,1036.84,14,14.07
59,1,2,21,0,7.3,515.87,14,5.77
235,1,2,25,0,4.63,1588.12,25,9.29
100,2,1,3,2,7.7,1090.06,22,8.13
100,4,1,25,0,6.19,2072.49,17,19.98
95,1,2,24,0,9.81,2131.94,16,13.04
129,4,3,3,2,6.49,1746.9,8,8.73
71,2,1,3,1,4.82,722.86,11,23.36
122,1,1,20,0,9.0,1646.16,26,2.86
78,2,1,25,2,8.93,289.82,33,21.57
45,3,3,11,0,8.17,1861.48,33,7.33
110,1,2,19,0,8.49,1212.56,23,25.75
172,1,2,29,1,5.59,2076.64,33,0.65
191,4,2,9,2,7.85,986.63,26,15.81
107,3,1,6,0,4.23,763.19,16,17.61
101,2,3,29,2,5.18,2190.36,15,16.38
196,4,1,8,0,9.59,1284.82,23,22.91
174,4,1,14,2,8.44,1933.21,13,3.58
205,2,3,13,0,5.38,2026.56,34,11.93
220,3,2,15,1,4.67,1261.01,8,24.25
203,1,1,8,1,9.69,1138.64,2,24.94
226,2,2,20,0,4.67,1328.13,22,14.2
120,3,1,20,1,5.54,1903.09,3,15.84
115,1,3,6,2,5.1,2131.09,8,21.51
100,4,3,14,1,4.04,890.23,16,21.94
83,4,1,1,1,5.88,1690.33,0,24.92
188,2,2,6,2,9.85,806.48,10,23.71
181,2,1,29,2,6.05,1441.36,24,11.9
199,1,2,15,0,7.03,1819.34,16,18.37
69,3,1,18,2,8.48,1978.65,40,13.79
135,1,1,26,2,7.31,1125.0,4,3.74
80,2,2,21,2,8.46,971.02,32,23.1
218,3,3,23,2,7.97,744.23,26,17.05
89,3,3,21,2,7.65,510.16,28,2.1
64,3,1,14,2,7.9,961.59,30,19.11
151,1,3,18,0,8.79,1950.36,2,8.29
215,4,1,8,2,8.26,1066.68,35,2.4
222,3,3,26,0,8.75,868.72,14,17.18
54,4,1,5,1,4.87,1691.31,29,20.64
101,2,2,26,2,8.07,670.39,13,14.73
66,4,1,26,0,8.42,749.76,17,0.66
98,2,3,4,2,5.8,2075.02,31,16.36
144,4,1,21,1,9.25,409.1,42,0.68
92,1,3,29,0,5.83,1058.53,39,25.98
48,1,1,17,0,5.46,1374.66,32,7.85
139,3,2,10,1,9.2,699.01,24,24.45
45,3,1,26,1,5.48,797.97,23,0.83
81,3,3,15,1,6.49,682.6,43,3.17
35,2,2,3,0,6.21,923.11,9,12.91
52,4,3,7,0,9.39,2002.09,42,21.36
124,2,3,20,0,6.73,1091.6,29,26.42
209,3,2,13,0,8.17,1064.77,27,14.83
193,4,1,6,2,8.76,1003.83,26,10.28
55,3,1,23,0,7.77,2130.03,36,1.73
42,3,1,3,2,9.66,478.73,30,16.55
104,4,3,6,0,8.82,1950.16,4,10.95
168,4,3,13,1,6.4,887.96,35,25.5
188,2,2,1,2,9.7,2115.2,32,13.7
203,2,3,11,1,7.15,864.69,41,21.55
105,1,1,27,0,4.14,411.61,42,23.83
69,3,3,28,1,5.56,1264.08,42,3.2
40,4,2,26,0,7.73,694.34,1,12.62
65,2,1,9,2,4.94,1718.33,28,25.08
48,2,1,1,2,7.5,1531.75,42,12.17
211,1,2,24,1,6.17,1588.61,43,16.04
90,2,2,11,1,7.21,627.3,24,24.51
203,1,1,22,1,4.01,1631.83,41,6.9
148,4,2,3,2,9.09,857.1,39,25.1
145,3,1,20,1,6.17,2197.41,0,11.42
128,1,3,17,2,4.84,1676.95,39,16.81
202,1,2,27,1,6.63,1401.3,28,9.52
43,4,1,3,0,6.92,1940.88,25,15.0
54,4,2,12,2,7.82,1399.16,8,1.86
121,4,3,29,1,7.15,1327.86,41,2.29
115,1,2,11,2,4.26,712.77,13,11.9
146,1,3,19,1,9.23,1572.32,18,9.71
186,1,2,4,1,6.74,980.56,13,17.43
155,4,3,21,1,4.46,334.01,43,1.54
87,4,1,8,1,8.64,1841.32,21,5.11
102,4,1,17,2,7.96,351.15,5,6.26
189,1,2,26,1,7.9,1560.99,0,12.61
76,1,3,19,2,6.56,555.61,44,7.29
138,4,3,14,1,6.46,1093.51,10,4.29
145,4,3,5,0,7.22,1925.23,34,16.93
188,3,3,10,2,4.3,434.12,1,20.96
181,1,2,25,1,5.79,1550.94,40,19.34
130,1,1,6,2,9.93,1444.61,29,8.09
98,1,3,19,1,7.97,1941.68,10,24.0
110,3,2,14,1,6.51,586.83,40,17.33
119,4,1,9,2,5.33,1809.59,13,17.4
79,3,1,21,1,8.47,1127.74,44,6.35
163,2,3,10,2,5.56,1085.86,26,7.16
77,4,1,8,1,4.97,955.48,20,13.56
167,1,1,15,0,4.93,1001.87,2,7.04
189,4,3,22,0,8.38,1263.92,11,19.42
232,4,1,25,2,7.86,458.26,2,8.99
59,3,1,18,1,4.42,1078.88,38,4.68
190,4,3,19,1,4.69,1521.36,4,4.67
52,3,2,23,2,7.8,1221.48,5,4.0
104,2,3,8,1,7.43,573.37,5,12.59
71,2,2,7,1,8.12,957.95,43,0.58
68,4,1,14,2,5.07,1113.78,43,15.42
70,3,1,18,0,8.36,1554.31,32,8.7
44,1,3,19,0,9.62,2006.49,3,15.69
203,4,1,4,2,7.61,1323.23,22,26.22
47,1,2,23,0,5.18,1568.92,42,24.4
116,3,2,10,2,8.08,400.52,4,16.35
178,1,2,26,0,6.06,2111.21,35,12.0
238,3,3,21,0,4.3,864.66,0,19.7
210,2,2,29,2,5.81,940.87,36,25.89
63,2,2,18,1,9.43,684.54,24,13.96
237,3,2,15,2,6.47,415.11,39,3.23
168,4,2,5,1,9.19,1790.59,18,21.57
71,2,3,11,0,7.05,718.96,35,0.79
126,4,1,25,2,7.1,801.24,37,21.53
223,2,1,11,0,4.03,604.5,14,2.84
115,1,2,1,0,7.82,2151.03,28,3.43
72,1,2,7,2,4.65,1773.02,20,22.0
214,1,1,17,0,6.87,2063.3,19,19.46
230,3,3,18,1,5.56,1930.36,35,15.95
234,3,2,29,1,6.35,2017.28,10,23.07
230,2,1,28,2,7.22,1184.12,5,23.91
213,2,3,15,0,4.09,582.56,21,13.08
128,4,3,16,0,5.71,887.42,36,27.9
74,3,2,24,1,9.94,820.28,7,10.33
161,1,1,1,1,4.34,1648.41,15,5.22
80,1,1,17,2,5.92,300.06,30,23.76
131,2,2,14,1,5.93,526.98,21,11.93
169,2,1,23,0,6.28,1581.63,27,24.55
229,4,2,24,2,8.11,490.71,23,2.18
94,3,1,19,1,5.49,344.17,36,3.55
86,4,1,19,2,6.76,462.97,39,1.61
185,3,2,20,2,7.87,1596.81,20,17.06
36,2,3,17,0,5.93,521.68,19,23.38
151,3,3,6,1,9.69,535.29,12,11.57
187,3,1,8,1,9.88,699.09,19,2.99
147,3,1,22,1,4.72,1714.28,37,10.77
113,1,2,18,0,6.06,640.69,22,10.07
204,3,2,7,1,5.25,318.98,31,18.2
111,2,3,26,1,5.12,2016.43,18,18.43
180,4,3,29,0,6.95,1958.82,31,3.33
130,4,2,18,0,7.38,610.4,32,12.05
40,3,1,6,0,6.55,767.42,23,18.17
143,4,1,28,2,5.64,617.69,42,7.62
45,3,1,7,2,5.67,1653.09,39,11.69
225,1,2,12,1,9.95,737.52,7,17.38
158,3,1,25,1,9.54,2066.33,10,11.58
111,4,1,15,0,4.46,1863.9,42,1.35
134,1,3,7,0,7.94,1397.38,18,6.62
161,1,3,2,2,6.74,267.43,13,21.84
88,2,2,10,0,8.13,1973.16,35,7.33
94,4,3,20,0,7.58,1669.14,27,22.99
120,3,3,21,2,9.34,1786.42,5,13.34
88,4,3,6,1,4.4,390.06,4,13.51
190,4,3,4,0,6.1,1631.69,36,21.69
56,3,1,21,1,9.91,1818.95,34,11.04
204,3,3,4,2,5.09,2115.44,15,7.06
106,2,3,1,1,4.76,1381.92,38,3.39
150,1,3,14,1,8.37,1240.68,5,18.98
67,2,2,17,1,8.66,1079.52,39,13.42
114,3,3,7,1,8.03,1617.51,3,22.76
189,1,3,6,2,8.66,2045.6,28,13.09
90,1,3,7,0,8.16,1419.52,37,11.91
62,1,3,10,0,4.81,693.2,27,8.72
141,3,3,0,0,7.65,284.27,35,5.98
68,4,2,0,1,8.66,1457.27,15,23.34
99,4,3,11,1,9.19,1935.97,12,3.12
127,2,2,0,1,5.48,378.65,11,25.31
150,3,3,9,2,4.76,1025.26,5,1.24
166,4,3,17,1,8.69,2083.09,12,14.86
173,3,3,0,0,5.54,1228.27,11,2.1
208,2,2,18,1,4.19,680.28,34,21.94
48,2,2,18,1,8.95,939.63,9,6.32
109,3,1,17,1,7.04,1045.87,7,16.06
35,2,2,18,1,5.96,478.71,32,25.7
36,4,2,24,2,4.07,1538.54,24,18.35
78,4,2,2,0,4.21,1404.72,9,5.4
157,1,3,5,0,8.76,1513.06,31,22.41
218,3,3,9,1,6.94,1441.04,9,12.64
193,2,1,20,0,4.9,282.51,35,0.86
167,3,2,26,0,6.15,590.2,1,13.89
194,2,3,27,1,4.99,572.87,26,22.84
70,2,3,17,1,4.68,441.01,26,12.32
207,2,3,12,1,5.66,1684.18,16,21.36
217,1,3,12,0,7.3,484.27,31,19.9
54,4,3,1,2,5.26,1552.98,17,13.07
131,1,3,13,1,6.06,597.86,29,9.39
205,2,2,15,0,6.87,480.7,10,20.48
132,1,1,6,0,6.52,566.93,25,10.65
207,1,2,23,0,4.77,1241.39,34,5.18
226,2,3,24,1,4.23,1508.69,43,9.32
132,4,1,9,1,4.21,1833.25,16,24.61
47,4,3,27,1,6.1,500.7,21,8.29
104,2,2,3,1,8.31,1451.56,21,6.96
79,3,3,27,2,4.79,1758.99,38,4.17
132,4,1,23,2,8.72,859.19,43,2.02
155,1,3,6,1,8.29,405.45,29,27.36
130,4,2,19,2,4.02,554.09,36,15.26
75,1,2,9,2,4.16,428.54,3,20.57
96,1,2,23,2,5.17,1980.06,34,21.76
174,2,2,4,0,4.34,984.57,36,10.19
40,1,3,7,1,7.19,1270.53,32,22.47
78,4,1,9,1,4.24,1748.94,26,26.94
217,4,3,5,0,8.82,974.42,40,20.9
55,2,3,9,0,6.96,1515.75,29,20.07
120,4,1,18,1,8.37,399.53,38,12.39
77,4,1,18,1,8.5,1187.77,8,23.64
56,4,2,16,2,7.04,438.21,29,2.94
121,4,3,5,2,9.55,734.15,19,21.12
141,3,3,6,0,9.94,822.01,39,10.45
71,1,3,27,2,6.16,1649.29,39,16.06
50,4,3,7,1,4.76,1564.5,37,25.06
62,3,2,3,1,6.18,1706.81,9,17.14
168,4,2,13,2,5.34,370.42,22,1.2
211,4,1,0,1,7.19,2188.13,0,20.37
71,1,2,10,0,6.27,356.12,44,26.05
100,2,1,25,0,6.88,1860.21,11,18.16
105,1,1,8,1,8.58,1693.52,28,24.19
108,1,3,21,0,5.64,1403.94,21,23.2
85,4,3,14,0,7.22,1105.77,40,24.19
46,4,2,10,2,6.01,1726.41,36,9.96
142,4,1,19,0,8.71,1692.72,34,13.54
108,4,1,17,0,7.84,517.5,28,23.82
105,3,1,9,1,4.05,1795.63,5,25.54
89,3,3,6,0,7.96,403.19,41,4.54
225,4,1,27,0,5.02,1226.06,2,5.49
160,3,1,5,2,8.35,1507.91,20,10.04
120,3,3,28,1,7.4,1852.29,17,21.68
77,1,3,14,2,6.41,1153.06,17,24.56
199,3,3,29,1,8.16,711.87,43,16.46
217,4,1,10,1,9.14,1206.79,10,3.61
41,3,2,16,0,8.67,737.91,26,8.85
225,2,1,18,1,7.27,1281.01,9,24.07
